"COUNTRY","Country","SERIES","Series","TIME","Time","Value","Flag Codes","Flags"
"AUS","Australia","EPC_V2","Version 2 (1998-2019)","1998","1998",2.875,,
"AUS","Australia","EPC_V2","Version 2 (1998-2019)","1999","1999",2.875,,
"AUS","Australia","EPC_V2","Version 2 (1998-2019)","2000","2000",2.875,,
"AUS","Australia","EPC_V2","Version 2 (1998-2019)","2001","2001",2.875,,
"AUS","Australia","EPC_V2","Version 2 (1998-2019)","2002","2002",2.875,,
"AUS","Australia","EPC_V2","Version 2 (1998-2019)","2003","2003",2.875,,
"AUS","Australia","EPC_V2","Version 2 (1998-2019)","2004","2004",2.875,,
"AUS","Australia","EPC_V2","Version 2 (1998-2019)","2005","2005",2.875,,
"AUS","Australia","EPC_V2","Version 2 (1998-2019)","2006","2006",2.875,,
"AUS","Australia","EPC_V2","Version 2 (1998-2019)","2007","2007",2.875,,
"AUS","Australia","EPC_V2","Version 2 (1998-2019)","2008","2008",2.875,,
"AUS","Australia","EPC_V2","Version 2 (1998-2019)","2009","2009",2.875,,
"AUS","Australia","EPC_V2","Version 2 (1998-2019)","2010","2010",2.875,,
"AUS","Australia","EPC_V2","Version 2 (1998-2019)","2011","2011",2.875,,
"AUS","Australia","EPC_V2","Version 2 (1998-2019)","2012","2012",2.875,,
"AUS","Australia","EPC_V2","Version 2 (1998-2019)","2013","2013",2.875,,
"AUS","Australia","EPC_V2","Version 2 (1998-2019)","2014","2014",2.875,,
"AUS","Australia","EPC_V2","Version 2 (1998-2019)","2015","2015",2.875,,
"AUS","Australia","EPC_V2","Version 2 (1998-2019)","2016","2016",2.875,,
"AUS","Australia","EPC_V2","Version 2 (1998-2019)","2017","2017",2.875,,
"AUS","Australia","EPC_V2","Version 2 (1998-2019)","2018","2018",2.875,,
"AUS","Australia","EPC_V2","Version 2 (1998-2019)","2019","2019",2.875,,
"AUT","Austria","EPC_V2","Version 2 (1998-2019)","1998","1998",3.25,,
"AUT","Austria","EPC_V2","Version 2 (1998-2019)","1999","1999",3.25,,
"AUT","Austria","EPC_V2","Version 2 (1998-2019)","2000","2000",3.25,,
"AUT","Austria","EPC_V2","Version 2 (1998-2019)","2001","2001",3.25,,
"AUT","Austria","EPC_V2","Version 2 (1998-2019)","2002","2002",3.25,,
"AUT","Austria","EPC_V2","Version 2 (1998-2019)","2003","2003",3.25,,
"AUT","Austria","EPC_V2","Version 2 (1998-2019)","2004","2004",3.25,,
"AUT","Austria","EPC_V2","Version 2 (1998-2019)","2005","2005",3.25,,
"AUT","Austria","EPC_V2","Version 2 (1998-2019)","2006","2006",3.25,,
"AUT","Austria","EPC_V2","Version 2 (1998-2019)","2007","2007",3.25,,
"AUT","Austria","EPC_V2","Version 2 (1998-2019)","2008","2008",3.25,,
"AUT","Austria","EPC_V2","Version 2 (1998-2019)","2009","2009",3.25,,
"AUT","Austria","EPC_V2","Version 2 (1998-2019)","2010","2010",3.25,,
"AUT","Austria","EPC_V2","Version 2 (1998-2019)","2011","2011",3.25,,
"AUT","Austria","EPC_V2","Version 2 (1998-2019)","2012","2012",3.25,,
"AUT","Austria","EPC_V2","Version 2 (1998-2019)","2013","2013",3.25,,
"AUT","Austria","EPC_V2","Version 2 (1998-2019)","2014","2014",3.25,,
"AUT","Austria","EPC_V2","Version 2 (1998-2019)","2015","2015",3.25,,
"AUT","Austria","EPC_V2","Version 2 (1998-2019)","2016","2016",3.25,,
"AUT","Austria","EPC_V2","Version 2 (1998-2019)","2017","2017",3.25,,
"AUT","Austria","EPC_V2","Version 2 (1998-2019)","2018","2018",3.25,,
"AUT","Austria","EPC_V2","Version 2 (1998-2019)","2019","2019",3.25,,
"BEL","Belgium","EPC_V2","Version 2 (1998-2019)","1998","1998",4.875,,
"BEL","Belgium","EPC_V2","Version 2 (1998-2019)","1999","1999",4.875,,
"BEL","Belgium","EPC_V2","Version 2 (1998-2019)","2000","2000",4.875,,
"BEL","Belgium","EPC_V2","Version 2 (1998-2019)","2001","2001",4.875,,
"BEL","Belgium","EPC_V2","Version 2 (1998-2019)","2002","2002",4.875,,
"BEL","Belgium","EPC_V2","Version 2 (1998-2019)","2003","2003",4.875,,
"BEL","Belgium","EPC_V2","Version 2 (1998-2019)","2004","2004",4.875,,
"BEL","Belgium","EPC_V2","Version 2 (1998-2019)","2005","2005",4.875,,
"BEL","Belgium","EPC_V2","Version 2 (1998-2019)","2006","2006",4.875,,
"BEL","Belgium","EPC_V2","Version 2 (1998-2019)","2007","2007",4.875,,
"BEL","Belgium","EPC_V2","Version 2 (1998-2019)","2008","2008",4.875,,
"BEL","Belgium","EPC_V2","Version 2 (1998-2019)","2009","2009",4.875,,
"BEL","Belgium","EPC_V2","Version 2 (1998-2019)","2010","2010",4.875,,
"BEL","Belgium","EPC_V2","Version 2 (1998-2019)","2011","2011",4.875,,
"BEL","Belgium","EPC_V2","Version 2 (1998-2019)","2012","2012",4.875,,
"BEL","Belgium","EPC_V2","Version 2 (1998-2019)","2013","2013",4.875,,
"BEL","Belgium","EPC_V2","Version 2 (1998-2019)","2014","2014",4.875,,
"BEL","Belgium","EPC_V2","Version 2 (1998-2019)","2015","2015",4.875,,
"BEL","Belgium","EPC_V2","Version 2 (1998-2019)","2016","2016",4.875,,
"BEL","Belgium","EPC_V2","Version 2 (1998-2019)","2017","2017",4.875,,
"BEL","Belgium","EPC_V2","Version 2 (1998-2019)","2018","2018",4.875,,
"BEL","Belgium","EPC_V2","Version 2 (1998-2019)","2019","2019",4.875,,
"CAN","Canada","EPC_V2","Version 2 (1998-2019)","1998","1998",3.13374996185302,,
"CAN","Canada","EPC_V2","Version 2 (1998-2019)","1999","1999",3.13374996185302,,
"CAN","Canada","EPC_V2","Version 2 (1998-2019)","2000","2000",3.13374996185302,,
"CAN","Canada","EPC_V2","Version 2 (1998-2019)","2001","2001",3.13374996185302,,
"CAN","Canada","EPC_V2","Version 2 (1998-2019)","2002","2002",3.13374996185302,,
"CAN","Canada","EPC_V2","Version 2 (1998-2019)","2003","2003",3.13374996185302,,
"CAN","Canada","EPC_V2","Version 2 (1998-2019)","2004","2004",3.13374996185302,,
"CAN","Canada","EPC_V2","Version 2 (1998-2019)","2005","2005",3.13374996185302,,
"CAN","Canada","EPC_V2","Version 2 (1998-2019)","2006","2006",3.13374996185302,,
"CAN","Canada","EPC_V2","Version 2 (1998-2019)","2007","2007",3.13374996185302,,
"CAN","Canada","EPC_V2","Version 2 (1998-2019)","2008","2008",3.13374996185302,,
"CAN","Canada","EPC_V2","Version 2 (1998-2019)","2009","2009",3.13374996185302,,
"CAN","Canada","EPC_V2","Version 2 (1998-2019)","2010","2010",3.13374996185302,,
"CAN","Canada","EPC_V2","Version 2 (1998-2019)","2011","2011",3.13374996185302,,
"CAN","Canada","EPC_V2","Version 2 (1998-2019)","2012","2012",3.13374996185302,,
"CAN","Canada","EPC_V2","Version 2 (1998-2019)","2013","2013",3.13374996185302,,
"CAN","Canada","EPC_V2","Version 2 (1998-2019)","2014","2014",3.13374996185302,,
"CAN","Canada","EPC_V2","Version 2 (1998-2019)","2015","2015",3.13374996185302,,
"CAN","Canada","EPC_V2","Version 2 (1998-2019)","2016","2016",3.13374996185302,,
"CAN","Canada","EPC_V2","Version 2 (1998-2019)","2017","2017",3.13374996185302,,
"CAN","Canada","EPC_V2","Version 2 (1998-2019)","2018","2018",3.13374996185302,,
"CAN","Canada","EPC_V2","Version 2 (1998-2019)","2019","2019",3.13374996185302,,
"CZE","Czech Republic","EPC_V2","Version 2 (1998-2019)","1998","1998",2.125,,
"CZE","Czech Republic","EPC_V2","Version 2 (1998-2019)","1999","1999",2.125,,
"CZE","Czech Republic","EPC_V2","Version 2 (1998-2019)","2000","2000",2.125,,
"CZE","Czech Republic","EPC_V2","Version 2 (1998-2019)","2001","2001",2.125,,
"CZE","Czech Republic","EPC_V2","Version 2 (1998-2019)","2002","2002",2.125,,
"CZE","Czech Republic","EPC_V2","Version 2 (1998-2019)","2003","2003",2.125,,
"CZE","Czech Republic","EPC_V2","Version 2 (1998-2019)","2004","2004",2.125,,
"CZE","Czech Republic","EPC_V2","Version 2 (1998-2019)","2005","2005",2.125,,
"CZE","Czech Republic","EPC_V2","Version 2 (1998-2019)","2006","2006",2.125,,
"CZE","Czech Republic","EPC_V2","Version 2 (1998-2019)","2007","2007",2.125,,
"CZE","Czech Republic","EPC_V2","Version 2 (1998-2019)","2008","2008",2.125,,
"CZE","Czech Republic","EPC_V2","Version 2 (1998-2019)","2009","2009",2.125,,
"CZE","Czech Republic","EPC_V2","Version 2 (1998-2019)","2010","2010",2.125,,
"CZE","Czech Republic","EPC_V2","Version 2 (1998-2019)","2011","2011",2.125,,
"CZE","Czech Republic","EPC_V2","Version 2 (1998-2019)","2012","2012",2.125,,
"CZE","Czech Republic","EPC_V2","Version 2 (1998-2019)","2013","2013",2.125,,
"CZE","Czech Republic","EPC_V2","Version 2 (1998-2019)","2014","2014",2.125,,
"CZE","Czech Republic","EPC_V2","Version 2 (1998-2019)","2015","2015",2.125,,
"CZE","Czech Republic","EPC_V2","Version 2 (1998-2019)","2016","2016",2.125,,
"CZE","Czech Republic","EPC_V2","Version 2 (1998-2019)","2017","2017",2.125,,
"CZE","Czech Republic","EPC_V2","Version 2 (1998-2019)","2018","2018",2.125,,
"CZE","Czech Republic","EPC_V2","Version 2 (1998-2019)","2019","2019",2.125,,
"DNK","Denmark","EPC_V2","Version 2 (1998-2019)","1998","1998",3.625,,
"DNK","Denmark","EPC_V2","Version 2 (1998-2019)","1999","1999",3.625,,
"DNK","Denmark","EPC_V2","Version 2 (1998-2019)","2000","2000",3.625,,
"DNK","Denmark","EPC_V2","Version 2 (1998-2019)","2001","2001",3.625,,
"DNK","Denmark","EPC_V2","Version 2 (1998-2019)","2002","2002",3.625,,
"DNK","Denmark","EPC_V2","Version 2 (1998-2019)","2003","2003",3.625,,
"DNK","Denmark","EPC_V2","Version 2 (1998-2019)","2004","2004",3.625,,
"DNK","Denmark","EPC_V2","Version 2 (1998-2019)","2005","2005",3.625,,
"DNK","Denmark","EPC_V2","Version 2 (1998-2019)","2006","2006",2.875,,
"DNK","Denmark","EPC_V2","Version 2 (1998-2019)","2007","2007",2.875,,
"DNK","Denmark","EPC_V2","Version 2 (1998-2019)","2008","2008",2.875,,
"DNK","Denmark","EPC_V2","Version 2 (1998-2019)","2009","2009",2.875,,
"DNK","Denmark","EPC_V2","Version 2 (1998-2019)","2010","2010",2.875,,
"DNK","Denmark","EPC_V2","Version 2 (1998-2019)","2011","2011",2.875,,
"DNK","Denmark","EPC_V2","Version 2 (1998-2019)","2012","2012",2.875,,
"DNK","Denmark","EPC_V2","Version 2 (1998-2019)","2013","2013",2.875,,
"DNK","Denmark","EPC_V2","Version 2 (1998-2019)","2014","2014",2.875,,
"DNK","Denmark","EPC_V2","Version 2 (1998-2019)","2015","2015",2.875,,
"DNK","Denmark","EPC_V2","Version 2 (1998-2019)","2016","2016",2.875,,
"DNK","Denmark","EPC_V2","Version 2 (1998-2019)","2017","2017",2.875,,
"DNK","Denmark","EPC_V2","Version 2 (1998-2019)","2018","2018",2.875,,
"DNK","Denmark","EPC_V2","Version 2 (1998-2019)","2019","2019",2.875,,
"FIN","Finland","EPC_V2","Version 2 (1998-2019)","1998","1998",1.875,,
"FIN","Finland","EPC_V2","Version 2 (1998-2019)","1999","1999",1.875,,
"FIN","Finland","EPC_V2","Version 2 (1998-2019)","2000","2000",1.875,,
"FIN","Finland","EPC_V2","Version 2 (1998-2019)","2001","2001",1.875,,
"FIN","Finland","EPC_V2","Version 2 (1998-2019)","2002","2002",1.875,,
"FIN","Finland","EPC_V2","Version 2 (1998-2019)","2003","2003",1.875,,
"FIN","Finland","EPC_V2","Version 2 (1998-2019)","2004","2004",1.875,,
"FIN","Finland","EPC_V2","Version 2 (1998-2019)","2005","2005",1.875,,
"FIN","Finland","EPC_V2","Version 2 (1998-2019)","2006","2006",1.875,,
"FIN","Finland","EPC_V2","Version 2 (1998-2019)","2007","2007",1.875,,
"FIN","Finland","EPC_V2","Version 2 (1998-2019)","2008","2008",1.625,,
"FIN","Finland","EPC_V2","Version 2 (1998-2019)","2009","2009",1.625,,
"FIN","Finland","EPC_V2","Version 2 (1998-2019)","2010","2010",1.625,,
"FIN","Finland","EPC_V2","Version 2 (1998-2019)","2011","2011",1.625,,
"FIN","Finland","EPC_V2","Version 2 (1998-2019)","2012","2012",1.625,,
"FIN","Finland","EPC_V2","Version 2 (1998-2019)","2013","2013",1.625,,
"FIN","Finland","EPC_V2","Version 2 (1998-2019)","2014","2014",1.625,,
"FIN","Finland","EPC_V2","Version 2 (1998-2019)","2015","2015",1.625,,
"FIN","Finland","EPC_V2","Version 2 (1998-2019)","2016","2016",1.625,,
"FIN","Finland","EPC_V2","Version 2 (1998-2019)","2017","2017",1.625,,
"FIN","Finland","EPC_V2","Version 2 (1998-2019)","2018","2018",1.625,,
"FIN","Finland","EPC_V2","Version 2 (1998-2019)","2019","2019",1.625,,
"FRA","France","EPC_V2","Version 2 (1998-2019)","1998","1998",3.12750005722045,,
"FRA","France","EPC_V2","Version 2 (1998-2019)","1999","1999",3.12750005722045,,
"FRA","France","EPC_V2","Version 2 (1998-2019)","2000","2000",3.12750005722045,,
"FRA","France","EPC_V2","Version 2 (1998-2019)","2001","2001",3.12750005722045,,
"FRA","France","EPC_V2","Version 2 (1998-2019)","2002","2002",3.12750005722045,,
"FRA","France","EPC_V2","Version 2 (1998-2019)","2003","2003",3.12750005722045,,
"FRA","France","EPC_V2","Version 2 (1998-2019)","2004","2004",3.12750005722045,,
"FRA","France","EPC_V2","Version 2 (1998-2019)","2005","2005",3.12750005722045,,
"FRA","France","EPC_V2","Version 2 (1998-2019)","2006","2006",3.12750005722045,,
"FRA","France","EPC_V2","Version 2 (1998-2019)","2007","2007",3.12750005722045,,
"FRA","France","EPC_V2","Version 2 (1998-2019)","2008","2008",3.12750005722045,,
"FRA","France","EPC_V2","Version 2 (1998-2019)","2009","2009",3.12750005722045,,
"FRA","France","EPC_V2","Version 2 (1998-2019)","2010","2010",3.12750005722045,,
"FRA","France","EPC_V2","Version 2 (1998-2019)","2011","2011",3.12750005722045,,
"FRA","France","EPC_V2","Version 2 (1998-2019)","2012","2012",3.12750005722045,,
"FRA","France","EPC_V2","Version 2 (1998-2019)","2013","2013",3.12750005722045,,
"FRA","France","EPC_V2","Version 2 (1998-2019)","2014","2014",3.12750005722045,,
"FRA","France","EPC_V2","Version 2 (1998-2019)","2015","2015",3.12750005722045,,
"FRA","France","EPC_V2","Version 2 (1998-2019)","2016","2016",3.12750005722045,,
"FRA","France","EPC_V2","Version 2 (1998-2019)","2017","2017",3.12750005722045,,
"FRA","France","EPC_V2","Version 2 (1998-2019)","2018","2018",3.12750005722045,,
"FRA","France","EPC_V2","Version 2 (1998-2019)","2019","2019",3.12750005722045,,
"DEU","Germany","EPC_V2","Version 2 (1998-2019)","1998","1998",3.625,,
"DEU","Germany","EPC_V2","Version 2 (1998-2019)","1999","1999",3.625,,
"DEU","Germany","EPC_V2","Version 2 (1998-2019)","2000","2000",3.625,,
"DEU","Germany","EPC_V2","Version 2 (1998-2019)","2001","2001",3.625,,
"DEU","Germany","EPC_V2","Version 2 (1998-2019)","2002","2002",3.625,,
"DEU","Germany","EPC_V2","Version 2 (1998-2019)","2003","2003",3.625,,
"DEU","Germany","EPC_V2","Version 2 (1998-2019)","2004","2004",3.625,,
"DEU","Germany","EPC_V2","Version 2 (1998-2019)","2005","2005",3.625,,
"DEU","Germany","EPC_V2","Version 2 (1998-2019)","2006","2006",3.625,,
"DEU","Germany","EPC_V2","Version 2 (1998-2019)","2007","2007",3.625,,
"DEU","Germany","EPC_V2","Version 2 (1998-2019)","2008","2008",3.625,,
"DEU","Germany","EPC_V2","Version 2 (1998-2019)","2009","2009",3.625,,
"DEU","Germany","EPC_V2","Version 2 (1998-2019)","2010","2010",3.625,,
"DEU","Germany","EPC_V2","Version 2 (1998-2019)","2011","2011",3.625,,
"DEU","Germany","EPC_V2","Version 2 (1998-2019)","2012","2012",3.625,,
"DEU","Germany","EPC_V2","Version 2 (1998-2019)","2013","2013",3.625,,
"DEU","Germany","EPC_V2","Version 2 (1998-2019)","2014","2014",3.625,,
"DEU","Germany","EPC_V2","Version 2 (1998-2019)","2015","2015",3.625,,
"DEU","Germany","EPC_V2","Version 2 (1998-2019)","2016","2016",3.625,,
"DEU","Germany","EPC_V2","Version 2 (1998-2019)","2017","2017",3.625,,
"DEU","Germany","EPC_V2","Version 2 (1998-2019)","2018","2018",3.625,,
"DEU","Germany","EPC_V2","Version 2 (1998-2019)","2019","2019",3.625,,
"GRC","Greece","EPC_V2","Version 2 (1998-2019)","1998","1998",2.875,,
"GRC","Greece","EPC_V2","Version 2 (1998-2019)","1999","1999",2.875,,
"GRC","Greece","EPC_V2","Version 2 (1998-2019)","2000","2000",2.875,,
"GRC","Greece","EPC_V2","Version 2 (1998-2019)","2001","2001",2.875,,
"GRC","Greece","EPC_V2","Version 2 (1998-2019)","2002","2002",2.875,,
"GRC","Greece","EPC_V2","Version 2 (1998-2019)","2003","2003",2.875,,
"GRC","Greece","EPC_V2","Version 2 (1998-2019)","2004","2004",2.875,,
"GRC","Greece","EPC_V2","Version 2 (1998-2019)","2005","2005",2.875,,
"GRC","Greece","EPC_V2","Version 2 (1998-2019)","2006","2006",2.875,,
"GRC","Greece","EPC_V2","Version 2 (1998-2019)","2007","2007",2.875,,
"GRC","Greece","EPC_V2","Version 2 (1998-2019)","2008","2008",2.875,,
"GRC","Greece","EPC_V2","Version 2 (1998-2019)","2009","2009",2.875,,
"GRC","Greece","EPC_V2","Version 2 (1998-2019)","2010","2010",2.875,,
"GRC","Greece","EPC_V2","Version 2 (1998-2019)","2011","2011",2.875,,
"GRC","Greece","EPC_V2","Version 2 (1998-2019)","2012","2012",2.875,,
"GRC","Greece","EPC_V2","Version 2 (1998-2019)","2013","2013",2.875,,
"GRC","Greece","EPC_V2","Version 2 (1998-2019)","2014","2014",2.875,,
"GRC","Greece","EPC_V2","Version 2 (1998-2019)","2015","2015",2.875,,
"GRC","Greece","EPC_V2","Version 2 (1998-2019)","2016","2016",2.875,,
"GRC","Greece","EPC_V2","Version 2 (1998-2019)","2017","2017",2.875,,
"GRC","Greece","EPC_V2","Version 2 (1998-2019)","2018","2018",2.875,,
"GRC","Greece","EPC_V2","Version 2 (1998-2019)","2019","2019",2.875,,
"HUN","Hungary","EPC_V2","Version 2 (1998-2019)","1998","1998",3.375,,
"HUN","Hungary","EPC_V2","Version 2 (1998-2019)","1999","1999",3.375,,
"HUN","Hungary","EPC_V2","Version 2 (1998-2019)","2000","2000",3.375,,
"HUN","Hungary","EPC_V2","Version 2 (1998-2019)","2001","2001",3.375,,
"HUN","Hungary","EPC_V2","Version 2 (1998-2019)","2002","2002",3.375,,
"HUN","Hungary","EPC_V2","Version 2 (1998-2019)","2003","2003",3.375,,
"HUN","Hungary","EPC_V2","Version 2 (1998-2019)","2004","2004",3.375,,
"HUN","Hungary","EPC_V2","Version 2 (1998-2019)","2005","2005",3.375,,
"HUN","Hungary","EPC_V2","Version 2 (1998-2019)","2006","2006",3.375,,
"HUN","Hungary","EPC_V2","Version 2 (1998-2019)","2007","2007",3.375,,
"HUN","Hungary","EPC_V2","Version 2 (1998-2019)","2008","2008",3.375,,
"HUN","Hungary","EPC_V2","Version 2 (1998-2019)","2009","2009",3.375,,
"HUN","Hungary","EPC_V2","Version 2 (1998-2019)","2010","2010",3.375,,
"HUN","Hungary","EPC_V2","Version 2 (1998-2019)","2011","2011",3.375,,
"HUN","Hungary","EPC_V2","Version 2 (1998-2019)","2012","2012",3.375,,
"HUN","Hungary","EPC_V2","Version 2 (1998-2019)","2013","2013",3.625,,
"HUN","Hungary","EPC_V2","Version 2 (1998-2019)","2014","2014",3.625,,
"HUN","Hungary","EPC_V2","Version 2 (1998-2019)","2015","2015",3.625,,
"HUN","Hungary","EPC_V2","Version 2 (1998-2019)","2016","2016",3.625,,
"HUN","Hungary","EPC_V2","Version 2 (1998-2019)","2017","2017",3.625,,
"HUN","Hungary","EPC_V2","Version 2 (1998-2019)","2018","2018",3.625,,
"HUN","Hungary","EPC_V2","Version 2 (1998-2019)","2019","2019",3.625,,
"ISL","Iceland","EPC_V2","Version 2 (1998-2019)","2013","2013",2.875,,
"ISL","Iceland","EPC_V2","Version 2 (1998-2019)","2014","2014",2.875,,
"ISL","Iceland","EPC_V2","Version 2 (1998-2019)","2015","2015",2.875,,
"ISL","Iceland","EPC_V2","Version 2 (1998-2019)","2016","2016",2.875,,
"ISL","Iceland","EPC_V2","Version 2 (1998-2019)","2017","2017",2.875,,
"ISL","Iceland","EPC_V2","Version 2 (1998-2019)","2018","2018",2.875,,
"ISL","Iceland","EPC_V2","Version 2 (1998-2019)","2019","2019",2.875,,
"IRL","Ireland","EPC_V2","Version 2 (1998-2019)","1998","1998",2.75,,
"IRL","Ireland","EPC_V2","Version 2 (1998-2019)","1999","1999",2.75,,
"IRL","Ireland","EPC_V2","Version 2 (1998-2019)","2000","2000",2.75,,
"IRL","Ireland","EPC_V2","Version 2 (1998-2019)","2001","2001",2.75,,
"IRL","Ireland","EPC_V2","Version 2 (1998-2019)","2002","2002",2.75,,
"IRL","Ireland","EPC_V2","Version 2 (1998-2019)","2003","2003",2.75,,
"IRL","Ireland","EPC_V2","Version 2 (1998-2019)","2004","2004",2.75,,
"IRL","Ireland","EPC_V2","Version 2 (1998-2019)","2005","2005",2.75,,
"IRL","Ireland","EPC_V2","Version 2 (1998-2019)","2006","2006",3.5,,
"IRL","Ireland","EPC_V2","Version 2 (1998-2019)","2007","2007",3.5,,
"IRL","Ireland","EPC_V2","Version 2 (1998-2019)","2008","2008",3.5,,
"IRL","Ireland","EPC_V2","Version 2 (1998-2019)","2009","2009",3.5,,
"IRL","Ireland","EPC_V2","Version 2 (1998-2019)","2010","2010",3.5,,
"IRL","Ireland","EPC_V2","Version 2 (1998-2019)","2011","2011",3.5,,
"IRL","Ireland","EPC_V2","Version 2 (1998-2019)","2012","2012",3.5,,
"IRL","Ireland","EPC_V2","Version 2 (1998-2019)","2013","2013",3.5,,
"IRL","Ireland","EPC_V2","Version 2 (1998-2019)","2014","2014",3.5,,
"IRL","Ireland","EPC_V2","Version 2 (1998-2019)","2015","2015",3.5,,
"IRL","Ireland","EPC_V2","Version 2 (1998-2019)","2016","2016",3.5,,
"IRL","Ireland","EPC_V2","Version 2 (1998-2019)","2017","2017",3.5,,
"IRL","Ireland","EPC_V2","Version 2 (1998-2019)","2018","2018",3.5,,
"IRL","Ireland","EPC_V2","Version 2 (1998-2019)","2019","2019",3.5,,
"ITA","Italy","EPC_V2","Version 2 (1998-2019)","1998","1998",4.125,,
"ITA","Italy","EPC_V2","Version 2 (1998-2019)","1999","1999",4.125,,
"ITA","Italy","EPC_V2","Version 2 (1998-2019)","2000","2000",4.125,,
"ITA","Italy","EPC_V2","Version 2 (1998-2019)","2001","2001",4.125,,
"ITA","Italy","EPC_V2","Version 2 (1998-2019)","2002","2002",4.125,,
"ITA","Italy","EPC_V2","Version 2 (1998-2019)","2003","2003",4.125,,
"ITA","Italy","EPC_V2","Version 2 (1998-2019)","2004","2004",4.125,,
"ITA","Italy","EPC_V2","Version 2 (1998-2019)","2005","2005",4.125,,
"ITA","Italy","EPC_V2","Version 2 (1998-2019)","2006","2006",4.125,,
"ITA","Italy","EPC_V2","Version 2 (1998-2019)","2007","2007",4.125,,
"ITA","Italy","EPC_V2","Version 2 (1998-2019)","2008","2008",4.125,,
"ITA","Italy","EPC_V2","Version 2 (1998-2019)","2009","2009",4.125,,
"ITA","Italy","EPC_V2","Version 2 (1998-2019)","2010","2010",4.125,,
"ITA","Italy","EPC_V2","Version 2 (1998-2019)","2011","2011",4.125,,
"ITA","Italy","EPC_V2","Version 2 (1998-2019)","2012","2012",4.125,,
"ITA","Italy","EPC_V2","Version 2 (1998-2019)","2013","2013",3.75,,
"ITA","Italy","EPC_V2","Version 2 (1998-2019)","2014","2014",3.75,,
"ITA","Italy","EPC_V2","Version 2 (1998-2019)","2015","2015",3.75,,
"ITA","Italy","EPC_V2","Version 2 (1998-2019)","2016","2016",3.75,,
"ITA","Italy","EPC_V2","Version 2 (1998-2019)","2017","2017",3,,
"ITA","Italy","EPC_V2","Version 2 (1998-2019)","2018","2018",3,,
"ITA","Italy","EPC_V2","Version 2 (1998-2019)","2019","2019",3,,
"JPN","Japan","EPC_V2","Version 2 (1998-2019)","1998","1998",3.25,,
"JPN","Japan","EPC_V2","Version 2 (1998-2019)","1999","1999",3.25,,
"JPN","Japan","EPC_V2","Version 2 (1998-2019)","2000","2000",3.25,,
"JPN","Japan","EPC_V2","Version 2 (1998-2019)","2001","2001",3.25,,
"JPN","Japan","EPC_V2","Version 2 (1998-2019)","2002","2002",3.25,,
"JPN","Japan","EPC_V2","Version 2 (1998-2019)","2003","2003",3.25,,
"JPN","Japan","EPC_V2","Version 2 (1998-2019)","2004","2004",3.25,,
"JPN","Japan","EPC_V2","Version 2 (1998-2019)","2005","2005",3.25,,
"JPN","Japan","EPC_V2","Version 2 (1998-2019)","2006","2006",3.25,,
"JPN","Japan","EPC_V2","Version 2 (1998-2019)","2007","2007",3.25,,
"JPN","Japan","EPC_V2","Version 2 (1998-2019)","2008","2008",3.25,,
"JPN","Japan","EPC_V2","Version 2 (1998-2019)","2009","2009",3.25,,
"JPN","Japan","EPC_V2","Version 2 (1998-2019)","2010","2010",3.25,,
"JPN","Japan","EPC_V2","Version 2 (1998-2019)","2011","2011",3.25,,
"JPN","Japan","EPC_V2","Version 2 (1998-2019)","2012","2012",3.25,,
"JPN","Japan","EPC_V2","Version 2 (1998-2019)","2013","2013",3.25,,
"JPN","Japan","EPC_V2","Version 2 (1998-2019)","2014","2014",3.25,,
"JPN","Japan","EPC_V2","Version 2 (1998-2019)","2015","2015",3.25,,
"JPN","Japan","EPC_V2","Version 2 (1998-2019)","2016","2016",3.25,,
"JPN","Japan","EPC_V2","Version 2 (1998-2019)","2017","2017",3.25,,
"JPN","Japan","EPC_V2","Version 2 (1998-2019)","2018","2018",3.25,,
"JPN","Japan","EPC_V2","Version 2 (1998-2019)","2019","2019",3.25,,
"KOR","Korea","EPC_V2","Version 2 (1998-2019)","1998","1998",1.875,,
"KOR","Korea","EPC_V2","Version 2 (1998-2019)","1999","1999",1.875,,
"KOR","Korea","EPC_V2","Version 2 (1998-2019)","2000","2000",1.875,,
"KOR","Korea","EPC_V2","Version 2 (1998-2019)","2001","2001",1.875,,
"KOR","Korea","EPC_V2","Version 2 (1998-2019)","2002","2002",1.875,,
"KOR","Korea","EPC_V2","Version 2 (1998-2019)","2003","2003",1.875,,
"KOR","Korea","EPC_V2","Version 2 (1998-2019)","2004","2004",1.875,,
"KOR","Korea","EPC_V2","Version 2 (1998-2019)","2005","2005",1.875,,
"KOR","Korea","EPC_V2","Version 2 (1998-2019)","2006","2006",1.875,,
"KOR","Korea","EPC_V2","Version 2 (1998-2019)","2007","2007",1.875,,
"KOR","Korea","EPC_V2","Version 2 (1998-2019)","2008","2008",1.875,,
"KOR","Korea","EPC_V2","Version 2 (1998-2019)","2009","2009",1.875,,
"KOR","Korea","EPC_V2","Version 2 (1998-2019)","2010","2010",1.875,,
"KOR","Korea","EPC_V2","Version 2 (1998-2019)","2011","2011",1.875,,
"KOR","Korea","EPC_V2","Version 2 (1998-2019)","2012","2012",1.875,,
"KOR","Korea","EPC_V2","Version 2 (1998-2019)","2013","2013",1.875,,
"KOR","Korea","EPC_V2","Version 2 (1998-2019)","2014","2014",1.875,,
"KOR","Korea","EPC_V2","Version 2 (1998-2019)","2015","2015",1.875,,
"KOR","Korea","EPC_V2","Version 2 (1998-2019)","2016","2016",1.875,,
"KOR","Korea","EPC_V2","Version 2 (1998-2019)","2017","2017",1.875,,
"KOR","Korea","EPC_V2","Version 2 (1998-2019)","2018","2018",1.875,,
"KOR","Korea","EPC_V2","Version 2 (1998-2019)","2019","2019",1.875,,
"LUX","Luxembourg","EPC_V2","Version 2 (1998-2019)","2008","2008",3.875,,
"LUX","Luxembourg","EPC_V2","Version 2 (1998-2019)","2009","2009",3.875,,
"LUX","Luxembourg","EPC_V2","Version 2 (1998-2019)","2010","2010",3.875,,
"LUX","Luxembourg","EPC_V2","Version 2 (1998-2019)","2011","2011",3.875,,
"LUX","Luxembourg","EPC_V2","Version 2 (1998-2019)","2012","2012",3.875,,
"LUX","Luxembourg","EPC_V2","Version 2 (1998-2019)","2013","2013",3.875,,
"LUX","Luxembourg","EPC_V2","Version 2 (1998-2019)","2014","2014",3.875,,
"LUX","Luxembourg","EPC_V2","Version 2 (1998-2019)","2015","2015",3.875,,
"LUX","Luxembourg","EPC_V2","Version 2 (1998-2019)","2016","2016",3.875,,
"LUX","Luxembourg","EPC_V2","Version 2 (1998-2019)","2017","2017",3.875,,
"LUX","Luxembourg","EPC_V2","Version 2 (1998-2019)","2018","2018",3.875,,
"LUX","Luxembourg","EPC_V2","Version 2 (1998-2019)","2019","2019",3.875,,
"MEX","Mexico","EPC_V2","Version 2 (1998-2019)","1998","1998",4.375,,
"MEX","Mexico","EPC_V2","Version 2 (1998-2019)","1999","1999",4.375,,
"MEX","Mexico","EPC_V2","Version 2 (1998-2019)","2000","2000",4.375,,
"MEX","Mexico","EPC_V2","Version 2 (1998-2019)","2001","2001",4.375,,
"MEX","Mexico","EPC_V2","Version 2 (1998-2019)","2002","2002",4.375,,
"MEX","Mexico","EPC_V2","Version 2 (1998-2019)","2003","2003",4.375,,
"MEX","Mexico","EPC_V2","Version 2 (1998-2019)","2004","2004",4.375,,
"MEX","Mexico","EPC_V2","Version 2 (1998-2019)","2005","2005",4.375,,
"MEX","Mexico","EPC_V2","Version 2 (1998-2019)","2006","2006",4.375,,
"MEX","Mexico","EPC_V2","Version 2 (1998-2019)","2007","2007",4.375,,
"MEX","Mexico","EPC_V2","Version 2 (1998-2019)","2008","2008",4.375,,
"MEX","Mexico","EPC_V2","Version 2 (1998-2019)","2009","2009",4.375,,
"MEX","Mexico","EPC_V2","Version 2 (1998-2019)","2010","2010",4.375,,
"MEX","Mexico","EPC_V2","Version 2 (1998-2019)","2011","2011",4.375,,
"MEX","Mexico","EPC_V2","Version 2 (1998-2019)","2012","2012",4.375,,
"MEX","Mexico","EPC_V2","Version 2 (1998-2019)","2013","2013",4.375,,
"MEX","Mexico","EPC_V2","Version 2 (1998-2019)","2014","2014",4.375,,
"MEX","Mexico","EPC_V2","Version 2 (1998-2019)","2015","2015",4.375,,
"MEX","Mexico","EPC_V2","Version 2 (1998-2019)","2016","2016",4.375,,
"MEX","Mexico","EPC_V2","Version 2 (1998-2019)","2017","2017",4.375,,
"MEX","Mexico","EPC_V2","Version 2 (1998-2019)","2018","2018",4.375,,
"MEX","Mexico","EPC_V2","Version 2 (1998-2019)","2019","2019",4.375,,
"NLD","Netherlands","EPC_V2","Version 2 (1998-2019)","1998","1998",3,,
"NLD","Netherlands","EPC_V2","Version 2 (1998-2019)","1999","1999",3,,
"NLD","Netherlands","EPC_V2","Version 2 (1998-2019)","2000","2000",3,,
"NLD","Netherlands","EPC_V2","Version 2 (1998-2019)","2001","2001",3,,
"NLD","Netherlands","EPC_V2","Version 2 (1998-2019)","2002","2002",3,,
"NLD","Netherlands","EPC_V2","Version 2 (1998-2019)","2003","2003",3,,
"NLD","Netherlands","EPC_V2","Version 2 (1998-2019)","2004","2004",3,,
"NLD","Netherlands","EPC_V2","Version 2 (1998-2019)","2005","2005",3,,
"NLD","Netherlands","EPC_V2","Version 2 (1998-2019)","2006","2006",3,,
"NLD","Netherlands","EPC_V2","Version 2 (1998-2019)","2007","2007",3,,
"NLD","Netherlands","EPC_V2","Version 2 (1998-2019)","2008","2008",3,,
"NLD","Netherlands","EPC_V2","Version 2 (1998-2019)","2009","2009",3,,
"NLD","Netherlands","EPC_V2","Version 2 (1998-2019)","2010","2010",3,,
"NLD","Netherlands","EPC_V2","Version 2 (1998-2019)","2011","2011",3,,
"NLD","Netherlands","EPC_V2","Version 2 (1998-2019)","2012","2012",3,,
"NLD","Netherlands","EPC_V2","Version 2 (1998-2019)","2013","2013",3.1875,,
"NLD","Netherlands","EPC_V2","Version 2 (1998-2019)","2014","2014",3.1875,,
"NLD","Netherlands","EPC_V2","Version 2 (1998-2019)","2015","2015",3.1875,,
"NLD","Netherlands","EPC_V2","Version 2 (1998-2019)","2016","2016",3.1875,,
"NLD","Netherlands","EPC_V2","Version 2 (1998-2019)","2017","2017",3.1875,,
"NLD","Netherlands","EPC_V2","Version 2 (1998-2019)","2018","2018",3.1875,,
"NLD","Netherlands","EPC_V2","Version 2 (1998-2019)","2019","2019",3.1875,,
"NZL","New Zealand","EPC_V2","Version 2 (1998-2019)","1998","1998",0,,
"NZL","New Zealand","EPC_V2","Version 2 (1998-2019)","1999","1999",0,,
"NZL","New Zealand","EPC_V2","Version 2 (1998-2019)","2000","2000",0,,
"NZL","New Zealand","EPC_V2","Version 2 (1998-2019)","2001","2001",0,,
"NZL","New Zealand","EPC_V2","Version 2 (1998-2019)","2002","2002",0,,
"NZL","New Zealand","EPC_V2","Version 2 (1998-2019)","2003","2003",0,,
"NZL","New Zealand","EPC_V2","Version 2 (1998-2019)","2004","2004",0,,
"NZL","New Zealand","EPC_V2","Version 2 (1998-2019)","2005","2005",0,,
"NZL","New Zealand","EPC_V2","Version 2 (1998-2019)","2006","2006",0,,
"NZL","New Zealand","EPC_V2","Version 2 (1998-2019)","2007","2007",0,,
"NZL","New Zealand","EPC_V2","Version 2 (1998-2019)","2008","2008",0,,
"NZL","New Zealand","EPC_V2","Version 2 (1998-2019)","2009","2009",0,,
"NZL","New Zealand","EPC_V2","Version 2 (1998-2019)","2010","2010",0,,
"NZL","New Zealand","EPC_V2","Version 2 (1998-2019)","2011","2011",0,,
"NZL","New Zealand","EPC_V2","Version 2 (1998-2019)","2012","2012",0,,
"NZL","New Zealand","EPC_V2","Version 2 (1998-2019)","2013","2013",0,,
"NZL","New Zealand","EPC_V2","Version 2 (1998-2019)","2014","2014",0,,
"NZL","New Zealand","EPC_V2","Version 2 (1998-2019)","2015","2015",0,,
"NZL","New Zealand","EPC_V2","Version 2 (1998-2019)","2016","2016",0,,
"NZL","New Zealand","EPC_V2","Version 2 (1998-2019)","2017","2017",0,,
"NZL","New Zealand","EPC_V2","Version 2 (1998-2019)","2018","2018",0,,
"NZL","New Zealand","EPC_V2","Version 2 (1998-2019)","2019","2019",0,,
"NOR","Norway","EPC_V2","Version 2 (1998-2019)","1998","1998",2.5,,
"NOR","Norway","EPC_V2","Version 2 (1998-2019)","1999","1999",2.5,,
"NOR","Norway","EPC_V2","Version 2 (1998-2019)","2000","2000",2.5,,
"NOR","Norway","EPC_V2","Version 2 (1998-2019)","2001","2001",2.5,,
"NOR","Norway","EPC_V2","Version 2 (1998-2019)","2002","2002",2.5,,
"NOR","Norway","EPC_V2","Version 2 (1998-2019)","2003","2003",2.5,,
"NOR","Norway","EPC_V2","Version 2 (1998-2019)","2004","2004",2.5,,
"NOR","Norway","EPC_V2","Version 2 (1998-2019)","2005","2005",2.5,,
"NOR","Norway","EPC_V2","Version 2 (1998-2019)","2006","2006",2.5,,
"NOR","Norway","EPC_V2","Version 2 (1998-2019)","2007","2007",2.5,,
"NOR","Norway","EPC_V2","Version 2 (1998-2019)","2008","2008",2.5,,
"NOR","Norway","EPC_V2","Version 2 (1998-2019)","2009","2009",2.5,,
"NOR","Norway","EPC_V2","Version 2 (1998-2019)","2010","2010",2.5,,
"NOR","Norway","EPC_V2","Version 2 (1998-2019)","2011","2011",2.5,,
"NOR","Norway","EPC_V2","Version 2 (1998-2019)","2012","2012",2.5,,
"NOR","Norway","EPC_V2","Version 2 (1998-2019)","2013","2013",2.5,,
"NOR","Norway","EPC_V2","Version 2 (1998-2019)","2014","2014",2.5,,
"NOR","Norway","EPC_V2","Version 2 (1998-2019)","2015","2015",2.5,,
"NOR","Norway","EPC_V2","Version 2 (1998-2019)","2016","2016",2.5,,
"NOR","Norway","EPC_V2","Version 2 (1998-2019)","2017","2017",2.5,,
"NOR","Norway","EPC_V2","Version 2 (1998-2019)","2018","2018",2.5,,
"NOR","Norway","EPC_V2","Version 2 (1998-2019)","2019","2019",2.5,,
"POL","Poland","EPC_V2","Version 2 (1998-2019)","1998","1998",3.375,,
"POL","Poland","EPC_V2","Version 2 (1998-2019)","1999","1999",3.375,,
"POL","Poland","EPC_V2","Version 2 (1998-2019)","2000","2000",3.375,,
"POL","Poland","EPC_V2","Version 2 (1998-2019)","2001","2001",3.375,,
"POL","Poland","EPC_V2","Version 2 (1998-2019)","2002","2002",3.375,,
"POL","Poland","EPC_V2","Version 2 (1998-2019)","2003","2003",3.375,,
"POL","Poland","EPC_V2","Version 2 (1998-2019)","2004","2004",2.875,,
"POL","Poland","EPC_V2","Version 2 (1998-2019)","2005","2005",2.875,,
"POL","Poland","EPC_V2","Version 2 (1998-2019)","2006","2006",2.875,,
"POL","Poland","EPC_V2","Version 2 (1998-2019)","2007","2007",2.875,,
"POL","Poland","EPC_V2","Version 2 (1998-2019)","2008","2008",2.875,,
"POL","Poland","EPC_V2","Version 2 (1998-2019)","2009","2009",2.875,,
"POL","Poland","EPC_V2","Version 2 (1998-2019)","2010","2010",2.875,,
"POL","Poland","EPC_V2","Version 2 (1998-2019)","2011","2011",2.875,,
"POL","Poland","EPC_V2","Version 2 (1998-2019)","2012","2012",2.875,,
"POL","Poland","EPC_V2","Version 2 (1998-2019)","2013","2013",2.875,,
"POL","Poland","EPC_V2","Version 2 (1998-2019)","2014","2014",2.875,,
"POL","Poland","EPC_V2","Version 2 (1998-2019)","2015","2015",2.875,,
"POL","Poland","EPC_V2","Version 2 (1998-2019)","2016","2016",2.875,,
"POL","Poland","EPC_V2","Version 2 (1998-2019)","2017","2017",2.875,,
"POL","Poland","EPC_V2","Version 2 (1998-2019)","2018","2018",2.875,,
"POL","Poland","EPC_V2","Version 2 (1998-2019)","2019","2019",2.875,,
"PRT","Portugal","EPC_V2","Version 2 (1998-2019)","1998","1998",2.875,,
"PRT","Portugal","EPC_V2","Version 2 (1998-2019)","1999","1999",2.875,,
"PRT","Portugal","EPC_V2","Version 2 (1998-2019)","2000","2000",2.875,,
"PRT","Portugal","EPC_V2","Version 2 (1998-2019)","2001","2001",2.875,,
"PRT","Portugal","EPC_V2","Version 2 (1998-2019)","2002","2002",2.875,,
"PRT","Portugal","EPC_V2","Version 2 (1998-2019)","2003","2003",2.875,,
"PRT","Portugal","EPC_V2","Version 2 (1998-2019)","2004","2004",2.875,,
"PRT","Portugal","EPC_V2","Version 2 (1998-2019)","2005","2005",2.875,,
"PRT","Portugal","EPC_V2","Version 2 (1998-2019)","2006","2006",2.875,,
"PRT","Portugal","EPC_V2","Version 2 (1998-2019)","2007","2007",2.875,,
"PRT","Portugal","EPC_V2","Version 2 (1998-2019)","2008","2008",1.875,,
"PRT","Portugal","EPC_V2","Version 2 (1998-2019)","2009","2009",1.875,,
"PRT","Portugal","EPC_V2","Version 2 (1998-2019)","2010","2010",1.875,,
"PRT","Portugal","EPC_V2","Version 2 (1998-2019)","2011","2011",1.875,,
"PRT","Portugal","EPC_V2","Version 2 (1998-2019)","2012","2012",1.875,,
"PRT","Portugal","EPC_V2","Version 2 (1998-2019)","2013","2013",1.875,,
"PRT","Portugal","EPC_V2","Version 2 (1998-2019)","2014","2014",1.875,,
"PRT","Portugal","EPC_V2","Version 2 (1998-2019)","2015","2015",1.875,,
"PRT","Portugal","EPC_V2","Version 2 (1998-2019)","2016","2016",1.875,,
"PRT","Portugal","EPC_V2","Version 2 (1998-2019)","2017","2017",1.875,,
"PRT","Portugal","EPC_V2","Version 2 (1998-2019)","2018","2018",1.875,,
"PRT","Portugal","EPC_V2","Version 2 (1998-2019)","2019","2019",1.875,,
"SVK","Slovak Republic","EPC_V2","Version 2 (1998-2019)","1998","1998",4,,
"SVK","Slovak Republic","EPC_V2","Version 2 (1998-2019)","1999","1999",4,,
"SVK","Slovak Republic","EPC_V2","Version 2 (1998-2019)","2000","2000",4,,
"SVK","Slovak Republic","EPC_V2","Version 2 (1998-2019)","2001","2001",4,,
"SVK","Slovak Republic","EPC_V2","Version 2 (1998-2019)","2002","2002",4,,
"SVK","Slovak Republic","EPC_V2","Version 2 (1998-2019)","2003","2003",4,,
"SVK","Slovak Republic","EPC_V2","Version 2 (1998-2019)","2004","2004",3.75,,
"SVK","Slovak Republic","EPC_V2","Version 2 (1998-2019)","2005","2005",3.75,,
"SVK","Slovak Republic","EPC_V2","Version 2 (1998-2019)","2006","2006",3.75,,
"SVK","Slovak Republic","EPC_V2","Version 2 (1998-2019)","2007","2007",3.75,,
"SVK","Slovak Republic","EPC_V2","Version 2 (1998-2019)","2008","2008",3.75,,
"SVK","Slovak Republic","EPC_V2","Version 2 (1998-2019)","2009","2009",3.75,,
"SVK","Slovak Republic","EPC_V2","Version 2 (1998-2019)","2010","2010",3.75,,
"SVK","Slovak Republic","EPC_V2","Version 2 (1998-2019)","2011","2011",3.75,,
"SVK","Slovak Republic","EPC_V2","Version 2 (1998-2019)","2012","2012",3.375,,
"SVK","Slovak Republic","EPC_V2","Version 2 (1998-2019)","2013","2013",3.375,,
"SVK","Slovak Republic","EPC_V2","Version 2 (1998-2019)","2014","2014",3.375,,
"SVK","Slovak Republic","EPC_V2","Version 2 (1998-2019)","2015","2015",3.375,,
"SVK","Slovak Republic","EPC_V2","Version 2 (1998-2019)","2016","2016",3.375,,
"SVK","Slovak Republic","EPC_V2","Version 2 (1998-2019)","2017","2017",3.375,,
"SVK","Slovak Republic","EPC_V2","Version 2 (1998-2019)","2018","2018",3.375,,
"SVK","Slovak Republic","EPC_V2","Version 2 (1998-2019)","2019","2019",3.375,,
"ESP","Spain","EPC_V2","Version 2 (1998-2019)","1998","1998",3.37249994277954,,
"ESP","Spain","EPC_V2","Version 2 (1998-2019)","1999","1999",3.37249994277954,,
"ESP","Spain","EPC_V2","Version 2 (1998-2019)","2000","2000",3.37249994277954,,
"ESP","Spain","EPC_V2","Version 2 (1998-2019)","2001","2001",3.37249994277954,,
"ESP","Spain","EPC_V2","Version 2 (1998-2019)","2002","2002",3.37249994277954,,
"ESP","Spain","EPC_V2","Version 2 (1998-2019)","2003","2003",3.37249994277954,,
"ESP","Spain","EPC_V2","Version 2 (1998-2019)","2004","2004",3.37249994277954,,
"ESP","Spain","EPC_V2","Version 2 (1998-2019)","2005","2005",3.37249994277954,,
"ESP","Spain","EPC_V2","Version 2 (1998-2019)","2006","2006",3.37249994277954,,
"ESP","Spain","EPC_V2","Version 2 (1998-2019)","2007","2007",3.37249994277954,,
"ESP","Spain","EPC_V2","Version 2 (1998-2019)","2008","2008",3.37249994277954,,
"ESP","Spain","EPC_V2","Version 2 (1998-2019)","2009","2009",3.37249994277954,,
"ESP","Spain","EPC_V2","Version 2 (1998-2019)","2010","2010",3.37249994277954,,
"ESP","Spain","EPC_V2","Version 2 (1998-2019)","2011","2011",3.37249994277954,,
"ESP","Spain","EPC_V2","Version 2 (1998-2019)","2012","2012",3.37249994277954,,
"ESP","Spain","EPC_V2","Version 2 (1998-2019)","2013","2013",2.99749994277954,,
"ESP","Spain","EPC_V2","Version 2 (1998-2019)","2014","2014",2.99749994277954,,
"ESP","Spain","EPC_V2","Version 2 (1998-2019)","2015","2015",2.99749994277954,,
"ESP","Spain","EPC_V2","Version 2 (1998-2019)","2016","2016",2.99749994277954,,
"ESP","Spain","EPC_V2","Version 2 (1998-2019)","2017","2017",2.99749994277954,,
"ESP","Spain","EPC_V2","Version 2 (1998-2019)","2018","2018",2.99749994277954,,
"ESP","Spain","EPC_V2","Version 2 (1998-2019)","2019","2019",2.99749994277954,,
"SWE","Sweden","EPC_V2","Version 2 (1998-2019)","1998","1998",3,,
"SWE","Sweden","EPC_V2","Version 2 (1998-2019)","1999","1999",3,,
"SWE","Sweden","EPC_V2","Version 2 (1998-2019)","2000","2000",3,,
"SWE","Sweden","EPC_V2","Version 2 (1998-2019)","2001","2001",3,,
"SWE","Sweden","EPC_V2","Version 2 (1998-2019)","2002","2002",3,,
"SWE","Sweden","EPC_V2","Version 2 (1998-2019)","2003","2003",3,,
"SWE","Sweden","EPC_V2","Version 2 (1998-2019)","2004","2004",3,,
"SWE","Sweden","EPC_V2","Version 2 (1998-2019)","2005","2005",3,,
"SWE","Sweden","EPC_V2","Version 2 (1998-2019)","2006","2006",3,,
"SWE","Sweden","EPC_V2","Version 2 (1998-2019)","2007","2007",3,,
"SWE","Sweden","EPC_V2","Version 2 (1998-2019)","2008","2008",3,,
"SWE","Sweden","EPC_V2","Version 2 (1998-2019)","2009","2009",3,,
"SWE","Sweden","EPC_V2","Version 2 (1998-2019)","2010","2010",3,,
"SWE","Sweden","EPC_V2","Version 2 (1998-2019)","2011","2011",3,,
"SWE","Sweden","EPC_V2","Version 2 (1998-2019)","2012","2012",3,,
"SWE","Sweden","EPC_V2","Version 2 (1998-2019)","2013","2013",3,,
"SWE","Sweden","EPC_V2","Version 2 (1998-2019)","2014","2014",3,,
"SWE","Sweden","EPC_V2","Version 2 (1998-2019)","2015","2015",3,,
"SWE","Sweden","EPC_V2","Version 2 (1998-2019)","2016","2016",3,,
"SWE","Sweden","EPC_V2","Version 2 (1998-2019)","2017","2017",3,,
"SWE","Sweden","EPC_V2","Version 2 (1998-2019)","2018","2018",3,,
"SWE","Sweden","EPC_V2","Version 2 (1998-2019)","2019","2019",3,,
"CHE","Switzerland","EPC_V2","Version 2 (1998-2019)","1998","1998",3.625,,
"CHE","Switzerland","EPC_V2","Version 2 (1998-2019)","1999","1999",3.625,,
"CHE","Switzerland","EPC_V2","Version 2 (1998-2019)","2000","2000",3.625,,
"CHE","Switzerland","EPC_V2","Version 2 (1998-2019)","2001","2001",3.625,,
"CHE","Switzerland","EPC_V2","Version 2 (1998-2019)","2002","2002",3.625,,
"CHE","Switzerland","EPC_V2","Version 2 (1998-2019)","2003","2003",3.625,,
"CHE","Switzerland","EPC_V2","Version 2 (1998-2019)","2004","2004",3.625,,
"CHE","Switzerland","EPC_V2","Version 2 (1998-2019)","2005","2005",3.625,,
"CHE","Switzerland","EPC_V2","Version 2 (1998-2019)","2006","2006",3.625,,
"CHE","Switzerland","EPC_V2","Version 2 (1998-2019)","2007","2007",3.625,,
"CHE","Switzerland","EPC_V2","Version 2 (1998-2019)","2008","2008",3.625,,
"CHE","Switzerland","EPC_V2","Version 2 (1998-2019)","2009","2009",3.625,,
"CHE","Switzerland","EPC_V2","Version 2 (1998-2019)","2010","2010",3.625,,
"CHE","Switzerland","EPC_V2","Version 2 (1998-2019)","2011","2011",3.625,,
"CHE","Switzerland","EPC_V2","Version 2 (1998-2019)","2012","2012",3.625,,
"CHE","Switzerland","EPC_V2","Version 2 (1998-2019)","2013","2013",3.625,,
"CHE","Switzerland","EPC_V2","Version 2 (1998-2019)","2014","2014",3.625,,
"CHE","Switzerland","EPC_V2","Version 2 (1998-2019)","2015","2015",3.625,,
"CHE","Switzerland","EPC_V2","Version 2 (1998-2019)","2016","2016",3.625,,
"CHE","Switzerland","EPC_V2","Version 2 (1998-2019)","2017","2017",3.625,,
"CHE","Switzerland","EPC_V2","Version 2 (1998-2019)","2018","2018",3.625,,
"CHE","Switzerland","EPC_V2","Version 2 (1998-2019)","2019","2019",3.625,,
"TUR","Türkiye","EPC_V2","Version 2 (1998-2019)","1998","1998",2.625,,
"TUR","Türkiye","EPC_V2","Version 2 (1998-2019)","1999","1999",2.625,,
"TUR","Türkiye","EPC_V2","Version 2 (1998-2019)","2000","2000",2.625,,
"TUR","Türkiye","EPC_V2","Version 2 (1998-2019)","2001","2001",2.625,,
"TUR","Türkiye","EPC_V2","Version 2 (1998-2019)","2002","2002",2.625,,
"TUR","Türkiye","EPC_V2","Version 2 (1998-2019)","2003","2003",2.625,,
"TUR","Türkiye","EPC_V2","Version 2 (1998-2019)","2004","2004",2.625,,
"TUR","Türkiye","EPC_V2","Version 2 (1998-2019)","2005","2005",2.625,,
"TUR","Türkiye","EPC_V2","Version 2 (1998-2019)","2006","2006",2.625,,
"TUR","Türkiye","EPC_V2","Version 2 (1998-2019)","2007","2007",2.625,,
"TUR","Türkiye","EPC_V2","Version 2 (1998-2019)","2008","2008",2.625,,
"TUR","Türkiye","EPC_V2","Version 2 (1998-2019)","2009","2009",2.625,,
"TUR","Türkiye","EPC_V2","Version 2 (1998-2019)","2010","2010",2.625,,
"TUR","Türkiye","EPC_V2","Version 2 (1998-2019)","2011","2011",2.625,,
"TUR","Türkiye","EPC_V2","Version 2 (1998-2019)","2012","2012",2.625,,
"TUR","Türkiye","EPC_V2","Version 2 (1998-2019)","2013","2013",2.625,,
"TUR","Türkiye","EPC_V2","Version 2 (1998-2019)","2014","2014",2.625,,
"TUR","Türkiye","EPC_V2","Version 2 (1998-2019)","2015","2015",2.625,,
"TUR","Türkiye","EPC_V2","Version 2 (1998-2019)","2016","2016",2.625,,
"TUR","Türkiye","EPC_V2","Version 2 (1998-2019)","2017","2017",2.625,,
"TUR","Türkiye","EPC_V2","Version 2 (1998-2019)","2018","2018",2.625,,
"TUR","Türkiye","EPC_V2","Version 2 (1998-2019)","2019","2019",2.625,,
"GBR","United Kingdom","EPC_V2","Version 2 (1998-2019)","1998","1998",2.375,,
"GBR","United Kingdom","EPC_V2","Version 2 (1998-2019)","1999","1999",2.375,,
"GBR","United Kingdom","EPC_V2","Version 2 (1998-2019)","2000","2000",2.375,,
"GBR","United Kingdom","EPC_V2","Version 2 (1998-2019)","2001","2001",2.375,,
"GBR","United Kingdom","EPC_V2","Version 2 (1998-2019)","2002","2002",2.375,,
"GBR","United Kingdom","EPC_V2","Version 2 (1998-2019)","2003","2003",2.375,,
"GBR","United Kingdom","EPC_V2","Version 2 (1998-2019)","2004","2004",2.375,,
"GBR","United Kingdom","EPC_V2","Version 2 (1998-2019)","2005","2005",2.375,,
"GBR","United Kingdom","EPC_V2","Version 2 (1998-2019)","2006","2006",2.375,,
"GBR","United Kingdom","EPC_V2","Version 2 (1998-2019)","2007","2007",2.375,,
"GBR","United Kingdom","EPC_V2","Version 2 (1998-2019)","2008","2008",2.375,,
"GBR","United Kingdom","EPC_V2","Version 2 (1998-2019)","2009","2009",2.375,,
"GBR","United Kingdom","EPC_V2","Version 2 (1998-2019)","2010","2010",2.375,,
"GBR","United Kingdom","EPC_V2","Version 2 (1998-2019)","2011","2011",2.375,,
"GBR","United Kingdom","EPC_V2","Version 2 (1998-2019)","2012","2012",2.375,,
"GBR","United Kingdom","EPC_V2","Version 2 (1998-2019)","2013","2013",2.375,,
"GBR","United Kingdom","EPC_V2","Version 2 (1998-2019)","2014","2014",2.125,,
"GBR","United Kingdom","EPC_V2","Version 2 (1998-2019)","2015","2015",2.125,,
"GBR","United Kingdom","EPC_V2","Version 2 (1998-2019)","2016","2016",2.125,,
"GBR","United Kingdom","EPC_V2","Version 2 (1998-2019)","2017","2017",2.125,,
"GBR","United Kingdom","EPC_V2","Version 2 (1998-2019)","2018","2018",2.125,,
"GBR","United Kingdom","EPC_V2","Version 2 (1998-2019)","2019","2019",2.125,,
"USA","United States","EPC_V2","Version 2 (1998-2019)","1998","1998",2.12249994277954,,
"USA","United States","EPC_V2","Version 2 (1998-2019)","1999","1999",2.12249994277954,,
"USA","United States","EPC_V2","Version 2 (1998-2019)","2000","2000",2.12249994277954,,
"USA","United States","EPC_V2","Version 2 (1998-2019)","2001","2001",2.12249994277954,,
"USA","United States","EPC_V2","Version 2 (1998-2019)","2002","2002",2.12249994277954,,
"USA","United States","EPC_V2","Version 2 (1998-2019)","2003","2003",2.12249994277954,,
"USA","United States","EPC_V2","Version 2 (1998-2019)","2004","2004",2.12249994277954,,
"USA","United States","EPC_V2","Version 2 (1998-2019)","2005","2005",2.12249994277954,,
"USA","United States","EPC_V2","Version 2 (1998-2019)","2006","2006",2.12249994277954,,
"USA","United States","EPC_V2","Version 2 (1998-2019)","2007","2007",2.12249994277954,,
"USA","United States","EPC_V2","Version 2 (1998-2019)","2008","2008",2.12249994277954,,
"USA","United States","EPC_V2","Version 2 (1998-2019)","2009","2009",2.12249994277954,,
"USA","United States","EPC_V2","Version 2 (1998-2019)","2010","2010",2.12249994277954,,
"USA","United States","EPC_V2","Version 2 (1998-2019)","2011","2011",2.12249994277954,,
"USA","United States","EPC_V2","Version 2 (1998-2019)","2012","2012",2.12249994277954,,
"USA","United States","EPC_V2","Version 2 (1998-2019)","2013","2013",2.12249994277954,,
"USA","United States","EPC_V2","Version 2 (1998-2019)","2014","2014",2.12249994277954,,
"USA","United States","EPC_V2","Version 2 (1998-2019)","2015","2015",2.12249994277954,,
"USA","United States","EPC_V2","Version 2 (1998-2019)","2016","2016",2.12249994277954,,
"USA","United States","EPC_V2","Version 2 (1998-2019)","2017","2017",2.12249994277954,,
"USA","United States","EPC_V2","Version 2 (1998-2019)","2018","2018",2.12249994277954,,
"USA","United States","EPC_V2","Version 2 (1998-2019)","2019","2019",2.12249994277954,,
"OECD","OECD countries","EPC_V2","Version 2 (1998-2019)","2014","2014",2.81101965904235,,
"OECD","OECD countries","EPC_V2","Version 2 (1998-2019)","2015","2015",2.81101965904235,,
"OECD","OECD countries","EPC_V2","Version 2 (1998-2019)","2016","2016",2.81101965904235,,
"OECD","OECD countries","EPC_V2","Version 2 (1998-2019)","2017","2017",2.79128289222717,,
"OECD","OECD countries","EPC_V2","Version 2 (1998-2019)","2018","2018",2.79128289222717,,
"OECD","OECD countries","EPC_V2","Version 2 (1998-2019)","2019","2019",2.79128289222717,,
"ISR","Israel","EPC_V2","Version 2 (1998-2019)","2008","2008",1.875,,
"ISR","Israel","EPC_V2","Version 2 (1998-2019)","2009","2009",1.875,,
"ISR","Israel","EPC_V2","Version 2 (1998-2019)","2010","2010",1.875,,
"ISR","Israel","EPC_V2","Version 2 (1998-2019)","2011","2011",1.875,,
"ISR","Israel","EPC_V2","Version 2 (1998-2019)","2012","2012",1.875,,
"ISR","Israel","EPC_V2","Version 2 (1998-2019)","2013","2013",1.875,,
"ISR","Israel","EPC_V2","Version 2 (1998-2019)","2014","2014",1.875,,
"ISR","Israel","EPC_V2","Version 2 (1998-2019)","2015","2015",1.875,,
"ISR","Israel","EPC_V2","Version 2 (1998-2019)","2016","2016",1.875,,
"ISR","Israel","EPC_V2","Version 2 (1998-2019)","2017","2017",1.875,,
"ISR","Israel","EPC_V2","Version 2 (1998-2019)","2018","2018",1.875,,
"ISR","Israel","EPC_V2","Version 2 (1998-2019)","2019","2019",1.875,,
"BRA","Brazil","EPC_V2","Version 2 (1998-2019)","2008","2008",0,,
"BRA","Brazil","EPC_V2","Version 2 (1998-2019)","2009","2009",0,,
"BRA","Brazil","EPC_V2","Version 2 (1998-2019)","2010","2010",1.5,,
"BRA","Brazil","EPC_V2","Version 2 (1998-2019)","2011","2011",1.5,,
"BRA","Brazil","EPC_V2","Version 2 (1998-2019)","2012","2012",1.5,,
"CHL","Chile","EPC_V2","Version 2 (1998-2019)","2008","2008",0,,
"CHL","Chile","EPC_V2","Version 2 (1998-2019)","2009","2009",0,,
"CHL","Chile","EPC_V2","Version 2 (1998-2019)","2010","2010",0,,
"CHL","Chile","EPC_V2","Version 2 (1998-2019)","2011","2011",0,,
"CHL","Chile","EPC_V2","Version 2 (1998-2019)","2012","2012",0,,
"CHL","Chile","EPC_V2","Version 2 (1998-2019)","2013","2013",0,,
"CHL","Chile","EPC_V2","Version 2 (1998-2019)","2014","2014",0,,
"CHL","Chile","EPC_V2","Version 2 (1998-2019)","2015","2015",0,,
"CHL","Chile","EPC_V2","Version 2 (1998-2019)","2016","2016",0,,
"CHL","Chile","EPC_V2","Version 2 (1998-2019)","2017","2017",0,,
"CHL","Chile","EPC_V2","Version 2 (1998-2019)","2018","2018",0,,
"CHL","Chile","EPC_V2","Version 2 (1998-2019)","2019","2019",0,,
"CHN","China","EPC_V2","Version 2 (1998-2019)","2008","2008",2.25,,
"CHN","China","EPC_V2","Version 2 (1998-2019)","2009","2009",2.25,,
"CHN","China","EPC_V2","Version 2 (1998-2019)","2010","2010",2.25,,
"CHN","China","EPC_V2","Version 2 (1998-2019)","2011","2011",2.25,,
"CHN","China","EPC_V2","Version 2 (1998-2019)","2012","2012",2.25,,
"IDN","Indonesia","EPC_V2","Version 2 (1998-2019)","2008","2008",0,,
"IDN","Indonesia","EPC_V2","Version 2 (1998-2019)","2009","2009",0,,
"IDN","Indonesia","EPC_V2","Version 2 (1998-2019)","2010","2010",0,,
"IDN","Indonesia","EPC_V2","Version 2 (1998-2019)","2011","2011",0,,
"IDN","Indonesia","EPC_V2","Version 2 (1998-2019)","2012","2012",0,,
"IND","India","EPC_V2","Version 2 (1998-2019)","2008","2008",0.4375,,
"IND","India","EPC_V2","Version 2 (1998-2019)","2009","2009",0.4375,,
"IND","India","EPC_V2","Version 2 (1998-2019)","2010","2010",0.4375,,
"IND","India","EPC_V2","Version 2 (1998-2019)","2011","2011",0.4375,,
"IND","India","EPC_V2","Version 2 (1998-2019)","2012","2012",0.4375,,
"SVN","Slovenia","EPC_V2","Version 2 (1998-2019)","2008","2008",3.625,,
"SVN","Slovenia","EPC_V2","Version 2 (1998-2019)","2009","2009",3.625,,
"SVN","Slovenia","EPC_V2","Version 2 (1998-2019)","2010","2010",3.625,,
"SVN","Slovenia","EPC_V2","Version 2 (1998-2019)","2011","2011",3.625,,
"SVN","Slovenia","EPC_V2","Version 2 (1998-2019)","2012","2012",3.625,,
"SVN","Slovenia","EPC_V2","Version 2 (1998-2019)","2013","2013",3.625,,
"SVN","Slovenia","EPC_V2","Version 2 (1998-2019)","2014","2014",3.625,,
"SVN","Slovenia","EPC_V2","Version 2 (1998-2019)","2015","2015",3.625,,
"SVN","Slovenia","EPC_V2","Version 2 (1998-2019)","2016","2016",3.625,,
"SVN","Slovenia","EPC_V2","Version 2 (1998-2019)","2017","2017",3.625,,
"SVN","Slovenia","EPC_V2","Version 2 (1998-2019)","2018","2018",3.625,,
"SVN","Slovenia","EPC_V2","Version 2 (1998-2019)","2019","2019",3.625,,
"ZAF","South Africa","EPC_V2","Version 2 (1998-2019)","2008","2008",1.875,,
"ZAF","South Africa","EPC_V2","Version 2 (1998-2019)","2009","2009",1.875,,
"ZAF","South Africa","EPC_V2","Version 2 (1998-2019)","2010","2010",1.875,,
"ZAF","South Africa","EPC_V2","Version 2 (1998-2019)","2011","2011",1.875,,
"ZAF","South Africa","EPC_V2","Version 2 (1998-2019)","2012","2012",1.875,,
"EST","Estonia","EPC_V2","Version 2 (1998-2019)","2008","2008",1.75,,
"EST","Estonia","EPC_V2","Version 2 (1998-2019)","2009","2009",1.75,,
"EST","Estonia","EPC_V2","Version 2 (1998-2019)","2010","2010",2.875,,
"EST","Estonia","EPC_V2","Version 2 (1998-2019)","2011","2011",2.875,,
"EST","Estonia","EPC_V2","Version 2 (1998-2019)","2012","2012",2.875,,
"EST","Estonia","EPC_V2","Version 2 (1998-2019)","2013","2013",2.875,,
"EST","Estonia","EPC_V2","Version 2 (1998-2019)","2014","2014",2.875,,
"EST","Estonia","EPC_V2","Version 2 (1998-2019)","2015","2015",2.875,,
"EST","Estonia","EPC_V2","Version 2 (1998-2019)","2016","2016",2.875,,
"EST","Estonia","EPC_V2","Version 2 (1998-2019)","2017","2017",2.875,,
"EST","Estonia","EPC_V2","Version 2 (1998-2019)","2018","2018",2.875,,
"EST","Estonia","EPC_V2","Version 2 (1998-2019)","2019","2019",2.875,,
"RUS","Russian Federation","EPC_V2","Version 2 (1998-2019)","2008","2008",1.5,,
"RUS","Russian Federation","EPC_V2","Version 2 (1998-2019)","2009","2009",1.5,,
"RUS","Russian Federation","EPC_V2","Version 2 (1998-2019)","2010","2010",1.5,,
"RUS","Russian Federation","EPC_V2","Version 2 (1998-2019)","2011","2011",1.5,,
"RUS","Russian Federation","EPC_V2","Version 2 (1998-2019)","2012","2012",1.5,,
"LTU","Lithuania","EPC_V2","Version 2 (1998-2019)","2014","2014",2.875,,
"LTU","Lithuania","EPC_V2","Version 2 (1998-2019)","2015","2015",2.875,,
"LTU","Lithuania","EPC_V2","Version 2 (1998-2019)","2016","2016",2.875,,
"LTU","Lithuania","EPC_V2","Version 2 (1998-2019)","2017","2017",2.875,,
"LTU","Lithuania","EPC_V2","Version 2 (1998-2019)","2018","2018",2.875,,
"LTU","Lithuania","EPC_V2","Version 2 (1998-2019)","2019","2019",2.875,,
"LVA","Latvia","EPC_V2","Version 2 (1998-2019)","2012","2012",3.75,,
"LVA","Latvia","EPC_V2","Version 2 (1998-2019)","2013","2013",3.75,,
"LVA","Latvia","EPC_V2","Version 2 (1998-2019)","2014","2014",3.75,,
"LVA","Latvia","EPC_V2","Version 2 (1998-2019)","2015","2015",3.75,,
"LVA","Latvia","EPC_V2","Version 2 (1998-2019)","2016","2016",3.75,,
"LVA","Latvia","EPC_V2","Version 2 (1998-2019)","2017","2017",3.75,,
"LVA","Latvia","EPC_V2","Version 2 (1998-2019)","2018","2018",3.75,,
"LVA","Latvia","EPC_V2","Version 2 (1998-2019)","2019","2019",3.75,,
"HRV","Croatia","EPC_V2","Version 2 (1998-2019)","2015","2015",2.25,,
"MKD","FYR of Macedonia","EPC_V2","Version 2 (1998-2019)","2015","2015",3.25,,
"ARG","Argentina","EPC_V2","Version 2 (1998-2019)","2012","2012",4.00250005722045,,
"ARG","Argentina","EPC_V2","Version 2 (1998-2019)","2013","2013",4.00250005722045,,
"ARG","Argentina","EPC_V2","Version 2 (1998-2019)","2014","2014",4.00250005722045,,
"ARG","Argentina","EPC_V2","Version 2 (1998-2019)","2015","2015",4.00250005722045,,
"ARG","Argentina","EPC_V2","Version 2 (1998-2019)","2016","2016",4.00250005722045,,
"ARG","Argentina","EPC_V2","Version 2 (1998-2019)","2017","2017",4.00250005722045,,
"ARG","Argentina","EPC_V2","Version 2 (1998-2019)","2018","2018",4.00250005722045,,
"ARG","Argentina","EPC_V2","Version 2 (1998-2019)","2019","2019",4.00250005722045,,
"SAU","Saudi Arabia","EPC_V2","Version 2 (1998-2019)","2008","2008",0,,
"SAU","Saudi Arabia","EPC_V2","Version 2 (1998-2019)","2009","2009",0,,
"SAU","Saudi Arabia","EPC_V2","Version 2 (1998-2019)","2010","2010",0,,
"SAU","Saudi Arabia","EPC_V2","Version 2 (1998-2019)","2011","2011",0,,
"SAU","Saudi Arabia","EPC_V2","Version 2 (1998-2019)","2012","2012",0,,
"COL","Colombia","EPC_V2","Version 2 (1998-2019)","2014","2014",4,,
"COL","Colombia","EPC_V2","Version 2 (1998-2019)","2015","2015",4,,
"COL","Colombia","EPC_V2","Version 2 (1998-2019)","2016","2016",4,,
"COL","Colombia","EPC_V2","Version 2 (1998-2019)","2017","2017",4,,
"COL","Colombia","EPC_V2","Version 2 (1998-2019)","2018","2018",4,,
"COL","Colombia","EPC_V2","Version 2 (1998-2019)","2019","2019",4,,
"CRI","Costa Rica","EPC_V2","Version 2 (1998-2019)","2014","2014",0,,
"CRI","Costa Rica","EPC_V2","Version 2 (1998-2019)","2015","2015",0,,
"CRI","Costa Rica","EPC_V2","Version 2 (1998-2019)","2016","2016",0,,
"CRI","Costa Rica","EPC_V2","Version 2 (1998-2019)","2017","2017",0,,
"CRI","Costa Rica","EPC_V2","Version 2 (1998-2019)","2018","2018",0,,
"CRI","Costa Rica","EPC_V2","Version 2 (1998-2019)","2019","2019",0,,
"ALB","Albania","EPC_V2","Version 2 (1998-2019)","2015","2015",3.125,,
"BHS","Bahamas","EPC_V2","Version 2 (1998-2019)","2014","2014",0,,
"BIH","Bosnia and Herzegovina","EPC_V2","Version 2 (1998-2019)","2015","2015",2.5625,,
"BOL","Bolivia","EPC_V2","Version 2 (1998-2019)","2014","2014",0,,
"BRB","Barbados","EPC_V2","Version 2 (1998-2019)","2014","2014",2.5,,
"DOM","Dominican Republic","EPC_V2","Version 2 (1998-2019)","2014","2014",0,,
"ECU","Ecuador","EPC_V2","Version 2 (1998-2019)","2014","2014",1,,
"SLV","El Salvador","EPC_V2","Version 2 (1998-2019)","2014","2014",0,,
"GTM","Guatemala","EPC_V2","Version 2 (1998-2019)","2014","2014",0,,
"HND","Honduras","EPC_V2","Version 2 (1998-2019)","2014","2014",3.375,,
"JAM","Jamaica","EPC_V2","Version 2 (1998-2019)","2014","2014",1.375,,
"XKX","Kosovo","EPC_V2","Version 2 (1998-2019)","2011","2011",3.125,,
"XKX","Kosovo","EPC_V2","Version 2 (1998-2019)","2012","2012",3.125,,
"XKX","Kosovo","EPC_V2","Version 2 (1998-2019)","2013","2013",3.125,,
"XKX","Kosovo","EPC_V2","Version 2 (1998-2019)","2014","2014",3.125,,
"MNE","Montenegro","EPC_V2","Version 2 (1998-2019)","2013","2013",3.625,,
"MYS","Malaysia","EPC_V2","Version 2 (1998-2019)","2013","2013",0,,
"NIC","Nicaragua","EPC_V2","Version 2 (1998-2019)","2014","2014",1.75,,
"PAN","Panama","EPC_V2","Version 2 (1998-2019)","2014","2014",0,,
"PRY","Paraguay","EPC_V2","Version 2 (1998-2019)","2014","2014",1.375,,
"PRY","Paraguay","EPC_V2","Version 2 (1998-2019)","2015","2015",1.375,,
"PRY","Paraguay","EPC_V2","Version 2 (1998-2019)","2016","2016",1.375,,
"PRY","Paraguay","EPC_V2","Version 2 (1998-2019)","2017","2017",1.375,,
"PRY","Paraguay","EPC_V2","Version 2 (1998-2019)","2018","2018",1.375,,
"PRY","Paraguay","EPC_V2","Version 2 (1998-2019)","2019","2019",1.375,,
"PER","Peru","EPC_V2","Version 2 (1998-2019)","2014","2014",4,,
"PER","Peru","EPC_V2","Version 2 (1998-2019)","2015","2015",4,,
"PER","Peru","EPC_V2","Version 2 (1998-2019)","2016","2016",4,,
"PER","Peru","EPC_V2","Version 2 (1998-2019)","2017","2017",4,,
"PER","Peru","EPC_V2","Version 2 (1998-2019)","2018","2018",4,,
"PER","Peru","EPC_V2","Version 2 (1998-2019)","2019","2019",4,,
"SRB","Serbia","EPC_V2","Version 2 (1998-2019)","2015","2015",3.625,,
"THA","Thailand","EPC_V2","Version 2 (1998-2019)","2011","2011",0,,
"THA","Thailand","EPC_V2","Version 2 (1998-2019)","2012","2012",0,,
"THA","Thailand","EPC_V2","Version 2 (1998-2019)","2013","2013",0,,
"THA","Thailand","EPC_V2","Version 2 (1998-2019)","2014","2014",0,,
"TUN","Tunisia","EPC_V2","Version 2 (1998-2019)","2013","2013",0,,
"URY","Uruguay","EPC_V2","Version 2 (1998-2019)","2014","2014",2.125,,
"URY","Uruguay","EPC_V2","Version 2 (1998-2019)","2015","2015",2.125,,
"URY","Uruguay","EPC_V2","Version 2 (1998-2019)","2016","2016",2.125,,
"URY","Uruguay","EPC_V2","Version 2 (1998-2019)","2017","2017",2.125,,
"URY","Uruguay","EPC_V2","Version 2 (1998-2019)","2018","2018",2.125,,
"URY","Uruguay","EPC_V2","Version 2 (1998-2019)","2019","2019",2.125,,
"VEN","Venezuela","EPC_V2","Version 2 (1998-2019)","2014","2014",3.5,,
"KAZ","Kazakhstan","EPC_V2","Version 2 (1998-2019)","2014","2014",0,,
"KAZ","Kazakhstan","EPC_V2","Version 2 (1998-2019)","2015","2015",0,,
"AUS","Australia","EPC_V4","Version 4 (2013-2019)","2013","2013",1.81150794029235,,
"AUS","Australia","EPC_V4","Version 4 (2013-2019)","2014","2014",1.81150794029235,,
"AUS","Australia","EPC_V4","Version 4 (2013-2019)","2015","2015",1.81150794029235,,
"AUS","Australia","EPC_V4","Version 4 (2013-2019)","2016","2016",1.81150794029235,,
"AUS","Australia","EPC_V4","Version 4 (2013-2019)","2017","2017",1.81150794029235,,
"AUS","Australia","EPC_V4","Version 4 (2013-2019)","2018","2018",1.81150794029235,,
"AUS","Australia","EPC_V4","Version 4 (2013-2019)","2019","2019",1.81150794029235,,
"AUT","Austria","EPC_V4","Version 4 (2013-2019)","2013","2013",2.14484119415283,,
"AUT","Austria","EPC_V4","Version 4 (2013-2019)","2014","2014",2.14484119415283,,
"AUT","Austria","EPC_V4","Version 4 (2013-2019)","2015","2015",2.14484119415283,,
"AUT","Austria","EPC_V4","Version 4 (2013-2019)","2016","2016",2.14484119415283,,
"AUT","Austria","EPC_V4","Version 4 (2013-2019)","2017","2017",2.14484119415283,,
"AUT","Austria","EPC_V4","Version 4 (2013-2019)","2018","2018",2.14484119415283,,
"AUT","Austria","EPC_V4","Version 4 (2013-2019)","2019","2019",2.14484119415283,,
"BEL","Belgium","EPC_V4","Version 4 (2013-2019)","2013","2013",2.48170185089111,,
"BEL","Belgium","EPC_V4","Version 4 (2013-2019)","2014","2014",2.56503534317016,,
"BEL","Belgium","EPC_V4","Version 4 (2013-2019)","2015","2015",2.56503534317016,,
"BEL","Belgium","EPC_V4","Version 4 (2013-2019)","2016","2016",2.56503534317016,,
"BEL","Belgium","EPC_V4","Version 4 (2013-2019)","2017","2017",2.56503534317016,,
"BEL","Belgium","EPC_V4","Version 4 (2013-2019)","2018","2018",2.56503534317016,,
"BEL","Belgium","EPC_V4","Version 4 (2013-2019)","2019","2019",2.67515420913696,,
"CAN","Canada","EPC_V4","Version 4 (2013-2019)","2013","2013",1.84545636177062,,
"CAN","Canada","EPC_V4","Version 4 (2013-2019)","2014","2014",1.84545636177062,,
"CAN","Canada","EPC_V4","Version 4 (2013-2019)","2015","2015",1.84545636177062,,
"CAN","Canada","EPC_V4","Version 4 (2013-2019)","2016","2016",1.84545636177062,,
"CAN","Canada","EPC_V4","Version 4 (2013-2019)","2017","2017",1.84545636177062,,
"CAN","Canada","EPC_V4","Version 4 (2013-2019)","2018","2018",1.84545636177062,,
"CAN","Canada","EPC_V4","Version 4 (2013-2019)","2019","2019",1.84545636177062,,
"CZE","Czech Republic","EPC_V4","Version 4 (2013-2019)","2013","2013",3.04563474655151,,
"CZE","Czech Republic","EPC_V4","Version 4 (2013-2019)","2014","2014",3.04563474655151,,
"CZE","Czech Republic","EPC_V4","Version 4 (2013-2019)","2015","2015",3.04563474655151,,
"CZE","Czech Republic","EPC_V4","Version 4 (2013-2019)","2016","2016",3.04563474655151,,
"CZE","Czech Republic","EPC_V4","Version 4 (2013-2019)","2017","2017",3.04563474655151,,
"CZE","Czech Republic","EPC_V4","Version 4 (2013-2019)","2018","2018",3.04563474655151,,
"CZE","Czech Republic","EPC_V4","Version 4 (2013-2019)","2019","2019",3.04563474655151,,
"DNK","Denmark","EPC_V4","Version 4 (2013-2019)","2013","2013",2.17813062667846,,
"DNK","Denmark","EPC_V4","Version 4 (2013-2019)","2014","2014",2.17813062667846,,
"DNK","Denmark","EPC_V4","Version 4 (2013-2019)","2015","2015",2.17813062667846,,
"DNK","Denmark","EPC_V4","Version 4 (2013-2019)","2016","2016",2.17813062667846,,
"DNK","Denmark","EPC_V4","Version 4 (2013-2019)","2017","2017",2.17813062667846,,
"DNK","Denmark","EPC_V4","Version 4 (2013-2019)","2018","2018",2.17813062667846,,
"DNK","Denmark","EPC_V4","Version 4 (2013-2019)","2019","2019",2.17813062667846,,
"FIN","Finland","EPC_V4","Version 4 (2013-2019)","2013","2013",2.75,,
"FIN","Finland","EPC_V4","Version 4 (2013-2019)","2014","2014",2.75,,
"FIN","Finland","EPC_V4","Version 4 (2013-2019)","2015","2015",2.75,,
"FIN","Finland","EPC_V4","Version 4 (2013-2019)","2016","2016",2.75,,
"FIN","Finland","EPC_V4","Version 4 (2013-2019)","2017","2017",2.75,,
"FIN","Finland","EPC_V4","Version 4 (2013-2019)","2018","2018",2.75,,
"FIN","Finland","EPC_V4","Version 4 (2013-2019)","2019","2019",2.75,,
"FRA","France","EPC_V4","Version 4 (2013-2019)","2013","2013",3.29660725593566,,
"FRA","France","EPC_V4","Version 4 (2013-2019)","2014","2014",3.24119043350219,,
"FRA","France","EPC_V4","Version 4 (2013-2019)","2015","2015",3.24119043350219,,
"FRA","France","EPC_V4","Version 4 (2013-2019)","2016","2016",3.24119043350219,,
"FRA","France","EPC_V4","Version 4 (2013-2019)","2017","2017",3.20396828651428,,
"FRA","France","EPC_V4","Version 4 (2013-2019)","2018","2018",3.25158739089965,,
"FRA","France","EPC_V4","Version 4 (2013-2019)","2019","2019",3.25158739089965,,
"DEU","Germany","EPC_V4","Version 4 (2013-2019)","2013","2013",2.60865855216979,,
"DEU","Germany","EPC_V4","Version 4 (2013-2019)","2014","2014",2.60865855216979,,
"DEU","Germany","EPC_V4","Version 4 (2013-2019)","2015","2015",2.60865855216979,,
"DEU","Germany","EPC_V4","Version 4 (2013-2019)","2016","2016",2.60865855216979,,
"DEU","Germany","EPC_V4","Version 4 (2013-2019)","2017","2017",2.60865855216979,,
"DEU","Germany","EPC_V4","Version 4 (2013-2019)","2018","2018",2.60865855216979,,
"DEU","Germany","EPC_V4","Version 4 (2013-2019)","2019","2019",2.60865855216979,,
"GRC","Greece","EPC_V4","Version 4 (2013-2019)","2013","2013",2.71891546249389,,
"GRC","Greece","EPC_V4","Version 4 (2013-2019)","2014","2014",2.71891546249389,,
"GRC","Greece","EPC_V4","Version 4 (2013-2019)","2015","2015",2.71891546249389,,
"GRC","Greece","EPC_V4","Version 4 (2013-2019)","2016","2016",2.71891546249389,,
"GRC","Greece","EPC_V4","Version 4 (2013-2019)","2017","2017",2.71891546249389,,
"GRC","Greece","EPC_V4","Version 4 (2013-2019)","2018","2018",2.55224871635437,,
"GRC","Greece","EPC_V4","Version 4 (2013-2019)","2019","2019",2.55224871635437,,
"HUN","Hungary","EPC_V4","Version 4 (2013-2019)","2013","2013",2.05853176116943,,
"HUN","Hungary","EPC_V4","Version 4 (2013-2019)","2014","2014",2.05853176116943,,
"HUN","Hungary","EPC_V4","Version 4 (2013-2019)","2015","2015",2.05853176116943,,
"HUN","Hungary","EPC_V4","Version 4 (2013-2019)","2016","2016",2.05853176116943,,
"HUN","Hungary","EPC_V4","Version 4 (2013-2019)","2017","2017",2.05853176116943,,
"HUN","Hungary","EPC_V4","Version 4 (2013-2019)","2018","2018",2.18353176116943,,
"HUN","Hungary","EPC_V4","Version 4 (2013-2019)","2019","2019",2.18353176116943,,
"ISL","Iceland","EPC_V4","Version 4 (2013-2019)","2013","2013",2.32886910438537,,
"ISL","Iceland","EPC_V4","Version 4 (2013-2019)","2014","2014",2.32886910438537,,
"ISL","Iceland","EPC_V4","Version 4 (2013-2019)","2015","2015",2.32886910438537,,
"ISL","Iceland","EPC_V4","Version 4 (2013-2019)","2016","2016",2.32886910438537,,
"ISL","Iceland","EPC_V4","Version 4 (2013-2019)","2017","2017",2.32886910438537,,
"ISL","Iceland","EPC_V4","Version 4 (2013-2019)","2018","2018",2.32886910438537,,
"ISL","Iceland","EPC_V4","Version 4 (2013-2019)","2019","2019",2.32886910438537,,
"IRL","Ireland","EPC_V4","Version 4 (2013-2019)","2013","2013",2.52480149269104,,
"IRL","Ireland","EPC_V4","Version 4 (2013-2019)","2014","2014",2.52480149269104,,
"IRL","Ireland","EPC_V4","Version 4 (2013-2019)","2015","2015",2.52480149269104,,
"IRL","Ireland","EPC_V4","Version 4 (2013-2019)","2016","2016",2.52480149269104,,
"IRL","Ireland","EPC_V4","Version 4 (2013-2019)","2017","2017",2.52480149269104,,
"IRL","Ireland","EPC_V4","Version 4 (2013-2019)","2018","2018",2.52480149269104,,
"IRL","Ireland","EPC_V4","Version 4 (2013-2019)","2019","2019",2.52480149269104,,
"ITA","Italy","EPC_V4","Version 4 (2013-2019)","2013","2013",3.50694441795349,,
"ITA","Italy","EPC_V4","Version 4 (2013-2019)","2014","2014",3.50694441795349,,
"ITA","Italy","EPC_V4","Version 4 (2013-2019)","2015","2015",3.50694441795349,,
"ITA","Italy","EPC_V4","Version 4 (2013-2019)","2016","2016",3.25694441795349,,
"ITA","Italy","EPC_V4","Version 4 (2013-2019)","2017","2017",3.01884913444519,,
"ITA","Italy","EPC_V4","Version 4 (2013-2019)","2018","2018",3.01884913444519,,
"ITA","Italy","EPC_V4","Version 4 (2013-2019)","2019","2019",3.18551588058471,,
"JPN","Japan","EPC_V4","Version 4 (2013-2019)","2013","2013",2.03720235824584,,
"JPN","Japan","EPC_V4","Version 4 (2013-2019)","2014","2014",2.03720235824584,,
"JPN","Japan","EPC_V4","Version 4 (2013-2019)","2015","2015",2.03720235824584,,
"JPN","Japan","EPC_V4","Version 4 (2013-2019)","2016","2016",2.03720235824584,,
"JPN","Japan","EPC_V4","Version 4 (2013-2019)","2017","2017",2.03720235824584,,
"JPN","Japan","EPC_V4","Version 4 (2013-2019)","2018","2018",2.03720235824584,,
"JPN","Japan","EPC_V4","Version 4 (2013-2019)","2019","2019",2.03720235824584,,
"KOR","Korea","EPC_V4","Version 4 (2013-2019)","2013","2013",2.4375,,
"KOR","Korea","EPC_V4","Version 4 (2013-2019)","2014","2014",2.4375,,
"KOR","Korea","EPC_V4","Version 4 (2013-2019)","2015","2015",2.4375,,
"KOR","Korea","EPC_V4","Version 4 (2013-2019)","2016","2016",2.4375,,
"KOR","Korea","EPC_V4","Version 4 (2013-2019)","2017","2017",2.4375,,
"KOR","Korea","EPC_V4","Version 4 (2013-2019)","2018","2018",2.4375,,
"KOR","Korea","EPC_V4","Version 4 (2013-2019)","2019","2019",2.3125,,
"LUX","Luxembourg","EPC_V4","Version 4 (2013-2019)","2013","2013",2.65773820877075,,
"LUX","Luxembourg","EPC_V4","Version 4 (2013-2019)","2014","2014",2.65773820877075,,
"LUX","Luxembourg","EPC_V4","Version 4 (2013-2019)","2015","2015",2.65773820877075,,
"LUX","Luxembourg","EPC_V4","Version 4 (2013-2019)","2016","2016",2.65773820877075,,
"LUX","Luxembourg","EPC_V4","Version 4 (2013-2019)","2017","2017",2.65773820877075,,
"LUX","Luxembourg","EPC_V4","Version 4 (2013-2019)","2018","2018",2.65773820877075,,
"LUX","Luxembourg","EPC_V4","Version 4 (2013-2019)","2019","2019",2.65773820877075,,
"MEX","Mexico","EPC_V4","Version 4 (2013-2019)","2013","2013",2.55357146263122,,
"MEX","Mexico","EPC_V4","Version 4 (2013-2019)","2014","2014",2.55357146263122,,
"MEX","Mexico","EPC_V4","Version 4 (2013-2019)","2015","2015",2.55357146263122,,
"MEX","Mexico","EPC_V4","Version 4 (2013-2019)","2016","2016",2.55357146263122,,
"MEX","Mexico","EPC_V4","Version 4 (2013-2019)","2017","2017",2.55357146263122,,
"MEX","Mexico","EPC_V4","Version 4 (2013-2019)","2018","2018",2.55357146263122,,
"MEX","Mexico","EPC_V4","Version 4 (2013-2019)","2019","2019",2.55357146263122,,
"NLD","Netherlands","EPC_V4","Version 4 (2013-2019)","2013","2013",2.39285707473754,,
"NLD","Netherlands","EPC_V4","Version 4 (2013-2019)","2014","2014",2.39285707473754,,
"NLD","Netherlands","EPC_V4","Version 4 (2013-2019)","2015","2015",2.39285707473754,,
"NLD","Netherlands","EPC_V4","Version 4 (2013-2019)","2016","2016",2.95833325386047,,
"NLD","Netherlands","EPC_V4","Version 4 (2013-2019)","2017","2017",2.95833325386047,,
"NLD","Netherlands","EPC_V4","Version 4 (2013-2019)","2018","2018",2.95833325386047,,
"NLD","Netherlands","EPC_V4","Version 4 (2013-2019)","2019","2019",2.95833325386047,,
"NZL","New Zealand","EPC_V4","Version 4 (2013-2019)","2013","2013",2.13095235824584,,
"NZL","New Zealand","EPC_V4","Version 4 (2013-2019)","2014","2014",2.13095235824584,,
"NZL","New Zealand","EPC_V4","Version 4 (2013-2019)","2015","2015",2.13095235824584,,
"NZL","New Zealand","EPC_V4","Version 4 (2013-2019)","2016","2016",2.13095235824584,,
"NZL","New Zealand","EPC_V4","Version 4 (2013-2019)","2017","2017",2.13095235824584,,
"NZL","New Zealand","EPC_V4","Version 4 (2013-2019)","2018","2018",2.13095235824584,,
"NZL","New Zealand","EPC_V4","Version 4 (2013-2019)","2019","2019",2.13095235824584,,
"NOR","Norway","EPC_V4","Version 4 (2013-2019)","2013","2013",2.625,,
"NOR","Norway","EPC_V4","Version 4 (2013-2019)","2014","2014",2.625,,
"NOR","Norway","EPC_V4","Version 4 (2013-2019)","2015","2015",2.625,,
"NOR","Norway","EPC_V4","Version 4 (2013-2019)","2016","2016",2.625,,
"NOR","Norway","EPC_V4","Version 4 (2013-2019)","2017","2017",2.625,,
"NOR","Norway","EPC_V4","Version 4 (2013-2019)","2018","2018",2.625,,
"NOR","Norway","EPC_V4","Version 4 (2013-2019)","2019","2019",2.625,,
"POL","Poland","EPC_V4","Version 4 (2013-2019)","2013","2013",2.36089062690734,,
"POL","Poland","EPC_V4","Version 4 (2013-2019)","2014","2014",2.36089062690734,,
"POL","Poland","EPC_V4","Version 4 (2013-2019)","2015","2015",2.36089062690734,,
"POL","Poland","EPC_V4","Version 4 (2013-2019)","2016","2016",2.36089062690734,,
"POL","Poland","EPC_V4","Version 4 (2013-2019)","2017","2017",2.36089062690734,,
"POL","Poland","EPC_V4","Version 4 (2013-2019)","2018","2018",2.36089062690734,,
"POL","Poland","EPC_V4","Version 4 (2013-2019)","2019","2019",2.36089062690734,,
"PRT","Portugal","EPC_V4","Version 4 (2013-2019)","2013","2013",3.10714292526245,,
"PRT","Portugal","EPC_V4","Version 4 (2013-2019)","2014","2014",2.91666674613952,,
"PRT","Portugal","EPC_V4","Version 4 (2013-2019)","2015","2015",2.91666674613952,,
"PRT","Portugal","EPC_V4","Version 4 (2013-2019)","2016","2016",2.91666674613952,,
"PRT","Portugal","EPC_V4","Version 4 (2013-2019)","2017","2017",2.91666674613952,,
"PRT","Portugal","EPC_V4","Version 4 (2013-2019)","2018","2018",2.91666674613952,,
"PRT","Portugal","EPC_V4","Version 4 (2013-2019)","2019","2019",2.91666674613952,,
"SVK","Slovak Republic","EPC_V4","Version 4 (2013-2019)","2013","2013",2.46329355239868,,
"SVK","Slovak Republic","EPC_V4","Version 4 (2013-2019)","2014","2014",2.46329355239868,,
"SVK","Slovak Republic","EPC_V4","Version 4 (2013-2019)","2015","2015",2.46329355239868,,
"SVK","Slovak Republic","EPC_V4","Version 4 (2013-2019)","2016","2016",2.46329355239868,,
"SVK","Slovak Republic","EPC_V4","Version 4 (2013-2019)","2017","2017",2.46329355239868,,
"SVK","Slovak Republic","EPC_V4","Version 4 (2013-2019)","2018","2018",2.46329355239868,,
"SVK","Slovak Republic","EPC_V4","Version 4 (2013-2019)","2019","2019",2.46329355239868,,
"ESP","Spain","EPC_V4","Version 4 (2013-2019)","2013","2013",2.42932534217834,,
"ESP","Spain","EPC_V4","Version 4 (2013-2019)","2014","2014",2.42932534217834,,
"ESP","Spain","EPC_V4","Version 4 (2013-2019)","2015","2015",2.42932534217834,,
"ESP","Spain","EPC_V4","Version 4 (2013-2019)","2016","2016",2.42932534217834,,
"ESP","Spain","EPC_V4","Version 4 (2013-2019)","2017","2017",2.42932534217834,,
"ESP","Spain","EPC_V4","Version 4 (2013-2019)","2018","2018",2.42932534217834,,
"ESP","Spain","EPC_V4","Version 4 (2013-2019)","2019","2019",2.42932534217834,,
"SWE","Sweden","EPC_V4","Version 4 (2013-2019)","2013","2013",2.71780753135681,,
"SWE","Sweden","EPC_V4","Version 4 (2013-2019)","2014","2014",2.71780753135681,,
"SWE","Sweden","EPC_V4","Version 4 (2013-2019)","2015","2015",2.71780753135681,,
"SWE","Sweden","EPC_V4","Version 4 (2013-2019)","2016","2016",2.71780753135681,,
"SWE","Sweden","EPC_V4","Version 4 (2013-2019)","2017","2017",2.71780753135681,,
"SWE","Sweden","EPC_V4","Version 4 (2013-2019)","2018","2018",2.71780753135681,,
"SWE","Sweden","EPC_V4","Version 4 (2013-2019)","2019","2019",2.71780753135681,,
"CHE","Switzerland","EPC_V4","Version 4 (2013-2019)","2013","2013",1.69025564193725,,
"CHE","Switzerland","EPC_V4","Version 4 (2013-2019)","2014","2014",1.69025564193725,,
"CHE","Switzerland","EPC_V4","Version 4 (2013-2019)","2015","2015",1.69025564193725,,
"CHE","Switzerland","EPC_V4","Version 4 (2013-2019)","2016","2016",1.69025564193725,,
"CHE","Switzerland","EPC_V4","Version 4 (2013-2019)","2017","2017",1.69025564193725,,
"CHE","Switzerland","EPC_V4","Version 4 (2013-2019)","2018","2018",1.69025564193725,,
"CHE","Switzerland","EPC_V4","Version 4 (2013-2019)","2019","2019",1.69025564193725,,
"TUR","Türkiye","EPC_V4","Version 4 (2013-2019)","2013","2013",3.20513677597045,,
"TUR","Türkiye","EPC_V4","Version 4 (2013-2019)","2014","2014",3.20513677597045,,
"TUR","Türkiye","EPC_V4","Version 4 (2013-2019)","2015","2015",3.20513677597045,,
"TUR","Türkiye","EPC_V4","Version 4 (2013-2019)","2016","2016",3.20513677597045,,
"TUR","Türkiye","EPC_V4","Version 4 (2013-2019)","2017","2017",3.20513677597045,,
"TUR","Türkiye","EPC_V4","Version 4 (2013-2019)","2018","2018",3.20513677597045,,
"TUR","Türkiye","EPC_V4","Version 4 (2013-2019)","2019","2019",3.20513677597045,,
"GBR","United Kingdom","EPC_V4","Version 4 (2013-2019)","2013","2013",2.41468262672424,,
"GBR","United Kingdom","EPC_V4","Version 4 (2013-2019)","2014","2014",2.30753970146179,,
"GBR","United Kingdom","EPC_V4","Version 4 (2013-2019)","2015","2015",2.30753970146179,,
"GBR","United Kingdom","EPC_V4","Version 4 (2013-2019)","2016","2016",2.30753970146179,,
"GBR","United Kingdom","EPC_V4","Version 4 (2013-2019)","2017","2017",2.30753970146179,,
"GBR","United Kingdom","EPC_V4","Version 4 (2013-2019)","2018","2018",2.30753970146179,,
"GBR","United Kingdom","EPC_V4","Version 4 (2013-2019)","2019","2019",2.30753970146179,,
"USA","United States","EPC_V4","Version 4 (2013-2019)","2013","2013",1.33464276790618,,
"USA","United States","EPC_V4","Version 4 (2013-2019)","2014","2014",1.33464276790618,,
"USA","United States","EPC_V4","Version 4 (2013-2019)","2015","2015",1.33464276790618,,
"USA","United States","EPC_V4","Version 4 (2013-2019)","2016","2016",1.33464276790618,,
"USA","United States","EPC_V4","Version 4 (2013-2019)","2017","2017",1.33464276790618,,
"USA","United States","EPC_V4","Version 4 (2013-2019)","2018","2018",1.33464276790618,,
"USA","United States","EPC_V4","Version 4 (2013-2019)","2019","2019",1.33464276790618,,
"OECD","OECD countries","EPC_V4","Version 4 (2013-2019)","2014","2014",2.40807008743286,,
"OECD","OECD countries","EPC_V4","Version 4 (2013-2019)","2015","2015",2.40807008743286,,
"OECD","OECD countries","EPC_V4","Version 4 (2013-2019)","2016","2016",2.41637206077575,,
"OECD","OECD countries","EPC_V4","Version 4 (2013-2019)","2017","2017",2.40912699699401,,
"OECD","OECD countries","EPC_V4","Version 4 (2013-2019)","2018","2018",2.39612579345703,,
"OECD","OECD countries","EPC_V4","Version 4 (2013-2019)","2019","2019",2.39841437339782,,
"ISR","Israel","EPC_V4","Version 4 (2013-2019)","2013","2013",2.64484119415283,,
"ISR","Israel","EPC_V4","Version 4 (2013-2019)","2014","2014",2.64484119415283,,
"ISR","Israel","EPC_V4","Version 4 (2013-2019)","2015","2015",2.64484119415283,,
"ISR","Israel","EPC_V4","Version 4 (2013-2019)","2016","2016",2.64484119415283,,
"ISR","Israel","EPC_V4","Version 4 (2013-2019)","2017","2017",2.64484119415283,,
"ISR","Israel","EPC_V4","Version 4 (2013-2019)","2018","2018",2.64484119415283,,
"ISR","Israel","EPC_V4","Version 4 (2013-2019)","2019","2019",2.64484119415283,,
"CHL","Chile","EPC_V4","Version 4 (2013-2019)","2013","2013",2.06150794029235,,
"CHL","Chile","EPC_V4","Version 4 (2013-2019)","2014","2014",2.06150794029235,,
"CHL","Chile","EPC_V4","Version 4 (2013-2019)","2015","2015",2.06150794029235,,
"CHL","Chile","EPC_V4","Version 4 (2013-2019)","2016","2016",2.06150794029235,,
"CHL","Chile","EPC_V4","Version 4 (2013-2019)","2017","2017",2.06150794029235,,
"CHL","Chile","EPC_V4","Version 4 (2013-2019)","2018","2018",2.06150794029235,,
"CHL","Chile","EPC_V4","Version 4 (2013-2019)","2019","2019",2.06150794029235,,
"SVN","Slovenia","EPC_V4","Version 4 (2013-2019)","2013","2013",2.87907838821411,,
"SVN","Slovenia","EPC_V4","Version 4 (2013-2019)","2014","2014",2.74018955230712,,
"SVN","Slovenia","EPC_V4","Version 4 (2013-2019)","2015","2015",2.74018955230712,,
"SVN","Slovenia","EPC_V4","Version 4 (2013-2019)","2016","2016",2.74018955230712,,
"SVN","Slovenia","EPC_V4","Version 4 (2013-2019)","2017","2017",2.74018955230712,,
"SVN","Slovenia","EPC_V4","Version 4 (2013-2019)","2018","2018",2.74018955230712,,
"SVN","Slovenia","EPC_V4","Version 4 (2013-2019)","2019","2019",2.67537474632263,,
"EST","Estonia","EPC_V4","Version 4 (2013-2019)","2013","2013",2.03670620918273,,
"EST","Estonia","EPC_V4","Version 4 (2013-2019)","2014","2014",2.03670620918273,,
"EST","Estonia","EPC_V4","Version 4 (2013-2019)","2015","2015",2.03670620918273,,
"EST","Estonia","EPC_V4","Version 4 (2013-2019)","2016","2016",2.03670620918273,,
"EST","Estonia","EPC_V4","Version 4 (2013-2019)","2017","2017",2.03670620918273,,
"EST","Estonia","EPC_V4","Version 4 (2013-2019)","2018","2018",2.03670620918273,,
"EST","Estonia","EPC_V4","Version 4 (2013-2019)","2019","2019",2.03670620918273,,
"LTU","Lithuania","EPC_V4","Version 4 (2013-2019)","2014","2014",2.74107146263122,,
"LTU","Lithuania","EPC_V4","Version 4 (2013-2019)","2015","2015",2.74107146263122,,
"LTU","Lithuania","EPC_V4","Version 4 (2013-2019)","2016","2016",2.74107146263122,,
"LTU","Lithuania","EPC_V4","Version 4 (2013-2019)","2017","2017",2.74107146263122,,
"LTU","Lithuania","EPC_V4","Version 4 (2013-2019)","2018","2018",2.24107146263122,,
"LTU","Lithuania","EPC_V4","Version 4 (2013-2019)","2019","2019",2.24107146263122,,
"LVA","Latvia","EPC_V4","Version 4 (2013-2019)","2013","2013",2.88988089561462,,
"LVA","Latvia","EPC_V4","Version 4 (2013-2019)","2014","2014",2.88988089561462,,
"LVA","Latvia","EPC_V4","Version 4 (2013-2019)","2015","2015",2.88988089561462,,
"LVA","Latvia","EPC_V4","Version 4 (2013-2019)","2016","2016",2.88988089561462,,
"LVA","Latvia","EPC_V4","Version 4 (2013-2019)","2017","2017",2.88988089561462,,
"LVA","Latvia","EPC_V4","Version 4 (2013-2019)","2018","2018",2.88988089561462,,
"LVA","Latvia","EPC_V4","Version 4 (2013-2019)","2019","2019",2.88988089561462,,
"COL","Colombia","EPC_V4","Version 4 (2013-2019)","2014","2014",1.95436513423919,,
"COL","Colombia","EPC_V4","Version 4 (2013-2019)","2015","2015",1.95436513423919,,
"COL","Colombia","EPC_V4","Version 4 (2013-2019)","2016","2016",1.95436513423919,,
"COL","Colombia","EPC_V4","Version 4 (2013-2019)","2017","2017",1.95436513423919,,
"COL","Colombia","EPC_V4","Version 4 (2013-2019)","2018","2018",1.95436513423919,,
"COL","Colombia","EPC_V4","Version 4 (2013-2019)","2019","2019",1.95436513423919,,
"ARG","Argentina","EPC_V4","Version 4 (2013-2019)","2014","2014",2.39381384849548,,
"ARG","Argentina","EPC_V4","Version 4 (2013-2019)","2015","2015",2.39381384849548,,
"ARG","Argentina","EPC_V4","Version 4 (2013-2019)","2016","2016",2.39381384849548,,
"ARG","Argentina","EPC_V4","Version 4 (2013-2019)","2017","2017",2.39381384849548,,
"ARG","Argentina","EPC_V4","Version 4 (2013-2019)","2018","2018",2.39381384849548,,
"ARG","Argentina","EPC_V4","Version 4 (2013-2019)","2019","2019",2.39381384849548,,
"CRI","Costa Rica","EPC_V4","Version 4 (2013-2019)","2014","2014",0.849206387996673,,
"CRI","Costa Rica","EPC_V4","Version 4 (2013-2019)","2015","2015",0.849206387996673,,
"CRI","Costa Rica","EPC_V4","Version 4 (2013-2019)","2016","2016",0.849206387996673,,
"CRI","Costa Rica","EPC_V4","Version 4 (2013-2019)","2017","2017",0.849206387996673,,
"CRI","Costa Rica","EPC_V4","Version 4 (2013-2019)","2018","2018",0.849206387996673,,
"CRI","Costa Rica","EPC_V4","Version 4 (2013-2019)","2019","2019",0.849206387996673,,
"PRY","Paraguay","EPC_V4","Version 4 (2013-2019)","2014","2014",2.14136910438537,,
"PRY","Paraguay","EPC_V4","Version 4 (2013-2019)","2015","2015",2.14136910438537,,
"PRY","Paraguay","EPC_V4","Version 4 (2013-2019)","2016","2016",2.14136910438537,,
"PRY","Paraguay","EPC_V4","Version 4 (2013-2019)","2017","2017",2.14136910438537,,
"PRY","Paraguay","EPC_V4","Version 4 (2013-2019)","2018","2018",2.14136910438537,,
"PRY","Paraguay","EPC_V4","Version 4 (2013-2019)","2019","2019",2.14136910438537,,
"PER","Peru","EPC_V4","Version 4 (2013-2019)","2014","2014",1.65277791023254,,
"PER","Peru","EPC_V4","Version 4 (2013-2019)","2015","2015",1.65277791023254,,
"PER","Peru","EPC_V4","Version 4 (2013-2019)","2016","2016",1.65277791023254,,
"PER","Peru","EPC_V4","Version 4 (2013-2019)","2017","2017",1.65277791023254,,
"PER","Peru","EPC_V4","Version 4 (2013-2019)","2018","2018",1.65277791023254,,
"PER","Peru","EPC_V4","Version 4 (2013-2019)","2019","2019",1.65277791023254,,
"URY","Uruguay","EPC_V4","Version 4 (2013-2019)","2014","2014",1.16269838809967,,
"URY","Uruguay","EPC_V4","Version 4 (2013-2019)","2015","2015",1.16269838809967,,
"URY","Uruguay","EPC_V4","Version 4 (2013-2019)","2016","2016",1.16269838809967,,
"URY","Uruguay","EPC_V4","Version 4 (2013-2019)","2017","2017",1.16269838809967,,
"URY","Uruguay","EPC_V4","Version 4 (2013-2019)","2018","2018",1.16269838809967,,
"URY","Uruguay","EPC_V4","Version 4 (2013-2019)","2019","2019",1.16269838809967,,
